tax_ass_id,id,2019.value,2019.improvements,2022.value,2022.improvements,2023.value,2023.improvements,2019.land,2020.value,2020.land,2020.improvements,2022.land,2023.land,2018.value,2018.land,2018.improvements,2021.value,2021.land,2021.improvements,2013.value,2013.land,2013.improvements,2014.value,2014.land,2014.improvements,2015.value,2015.land,2015.improvements,2016.value,2016.land,2016.improvements,2017.value,2017.land,2017.improvements,0.date
0,"7420-FM-2673,-Canyon-Lake,-TX-78133",,,,,,,,,,,,,,,,,,,,,,,,,,,,,,,,,,
1,"1350-Hinch-Dr,-New-Braunfels,-TX-78132",,,,,,,,,,,,,,,,,,,,,,,,,,,,,,,,,,
2,"1200-Hinch-Dr,-New-Braunfels,-TX-78132",10750.0,10750.0,10750.0,10750.0,10750.0,10750.0,,,,,,,,,,,,,,,,,,,,,,,,,,,,
3,"1340-Hinch-Dr,-New-Braunfels,-TX-78132",400761.0,239261.0,604390.0,323950.0,742360.0,368440.0,161500.0,433760.0,180880.0,252880.0,280440.0,373920.0,,,,,,,,,,,,,,,,,,,,,,
4,"1331-Hinch-Dr,-New-Braunfels,-TX-78132",107720.0,83215.0,197225.0,101645.0,265335.0,127405.0,24505.0,151960.0,79805.0,72155.0,95580.0,137930.0,,,,,,,,,,,,,,,,,,,,,,
5,"187-Madrona-Dr,-New-Braunfels,-TX-78132",,,,,,,,,,,,,,,,,,,,,,,,,,,,,,,,,,
6,"1171-Hinch-Dr,-New-Braunfels,-TX-78132",205910.0,178090.0,338790.0,223120.0,425680.0,217470.0,27820.0,,,,115670.0,208210.0,,,,,,,,,,,,,,,,,,,,,,
7,"1501-Old-Sattler-Rd,-New-Braunfels,-TX-78132",192800.0,170220.0,341180.0,242070.0,405880.0,263100.0,22580.0,238150.0,82620.0,155530.0,99110.0,142780.0,,,,,,,,,,,,,,,,,,,,,,
8,"1250-Hinch-Dr,-New-Braunfels,-TX-78132",,,,,,,,,,,,,,,,,,,,,,,,,,,,,,,,,,
9,"7106-FM-2673,-Canyon-Lake,-TX-78133",,,,,,,,,,,,,,,,,,,,,,,,,,,,,,,,,,
10,"7034-FM-2673,-Canyon-Lake,-TX-78133",,,464320.0,183010.0,695500.0,320420.0,,,,,281310.0,375080.0,,,,,,,,,,,,,,,,,,,,,,
11,"5509-Roanwood,-San-Antonio,-TX-78244",,,,,,,,,,,,,,,,,,,,,,,,,,,,,,,,,,
12,"5528-Lochmoor,-San-Antonio,-TX-78244",,,,,,,,,,,,,,,,,,,,,,,,,,,,,,,,,,
13,"5523-Lochmoor,-Apt-2,-San-Antonio,-TX-78244",,,,,,,,,,,,,,,,,,,,,,,,,,,,,,,,,,
14,"5721-Lochmoor,-San-Antonio,-TX-78244",,,,,,,,,,,,,,,,,,,,,,,,,,,,,,,,,,
15,"5519-Lochmoor,-Apt-2,-San-Antonio,-TX-78244",,,,,,,,,,,,,,,,,,,,,,,,,,,,,,,,,,
16,"5527-Lochmoor,---2,-San-Antonio,-TX-78244",,,,,,,,,,,,,,,,,,,,,,,,,,,,,,,,,,
17,"5520-Lochmoor,-San-Antonio,-TX-78244",,,,,,,,,,,,,,,,,,,,,,,,,,,,,,,,,,
18,"5512-Lochmoor,-San-Antonio,-TX-78244",,,,,,,,,,,,,,,,,,,,,,,,,,,,,,,,,,
19,"5516-Lochmoor,-San-Antonio,-TX-78244",,,,,,,,,,,,,,,,,,,,,,,,,,,,,,,,,,
20,"5511-Lochmoor,-Apt-2,-San-Antonio,-TX-78244",,,,,,,,,,,,,,,,,,,,,,,,,,,,,,,,,,
21,"5705-Lochmoor,-San-Antonio,-TX-78244",,,,,,,,,,,,,,,,,,,,,,,,,,,,,,,,,,
22,"5315-Shadow-Lake-Dr,-San-Antonio,-TX-78244",104108.0,82740.0,153680.0,108080.0,175770.0,121050.0,22330.0,110380.0,22330.0,88050.0,45600.0,54720.0,94644.0,17870.0,79870.0,121418.0,41490.0,87260.0,,,,,,,,,,,,,,,,
23,"7020-Atherton,-San-Antonio,-TX-78244",,,,,,,,,,,,,,,,,,,,,,,,,,,,,,,,,,
24,"7002-Atherton,-San-Antonio,-TX-78244",,,,,,,,,,,,,,,,,,,,,,,,,,,,,,,,,,
25,"5713-Lochmoor,-San-Antonio,-TX-78244",,,,,,,,,,,,,,,,,,,,,,,,,,,,,,,,,,
26,"5223-Lakebend-East-Dr,-San-Antonio,-TX-78244",,,189740.0,141970.0,215950.0,158710.0,,141350.0,22860.0,118490.0,47770.0,57240.0,125910.0,18290.0,107620.0,160720.0,43440.0,117280.0,,,,,,,,,,,,,,,,
27,"5319-Lakebend-East-Dr,-San-Antonio,-TX-78244",152640.0,131130.0,209330.0,168030.0,237570.0,188040.0,21510.0,161050.0,21510.0,139540.0,41300.0,49530.0,143840.0,17200.0,126640.0,175790.0,37570.0,138220.0,,,,,,,,,,,,,,,,
28,"5307-Lakebend-East-Dr,-San-Antonio,-TX-78244",151735.0,134940.0,215390.0,174090.0,215000.0,165470.0,21510.0,165100.0,21510.0,143590.0,41300.0,49530.0,137941.0,17200.0,130280.0,179790.0,37570.0,142220.0,,,,,,,,,,,,,,,,
29,"7024-Atherton,-San-Antonio,-TX-78244",,,,,,,,,,,,,,,,,,,,,,,,,,,,,,,,,,
30,"5310-Lake,-Golden,-San-Antonio,-TX-78244",117700.0,97940.0,168360.0,125240.0,191930.0,140200.0,21780.0,126000.0,21780.0,104220.0,43120.0,51730.0,107000.0,17430.0,89570.0,,,,,,,,,,,,,,,,,,,
31,"5327-Lakebend-East-Dr,-San-Antonio,-TX-78244",149500.0,127590.0,207320.0,163710.0,235310.0,183010.0,21910.0,157680.0,21910.0,135770.0,43610.0,52300.0,140840.0,17530.0,123310.0,173970.0,39610.0,134360.0,,,,,,,,,,,,,,,,
32,"5515-Roanwood,-San-Antonio,-TX-78244",132460.0,108830.0,183630.0,143730.0,203740.0,155860.0,23630.0,134040.0,23630.0,110410.0,39900.0,47880.0,123607.0,23630.0,100910.0,,,,,,,,,,,,,,,,,,,
33,"5508-Grand-Lake-Dr,-San-Antonio,-TX-78244",136210.0,113430.0,191370.0,144140.0,217780.0,161120.0,22780.0,143480.0,22780.0,120700.0,47230.0,56660.0,127850.0,18220.0,109630.0,162430.0,43000.0,119430.0,72100.0,18220.0,53880.0,80540.0,18220.0,62320.0,87370.0,18220.0,69150.0,107230.0,18220.0,89010.0,111790.0,18220.0,93570.0,
34,"5523-Lochmoor,-Apt-1,-San-Antonio,-TX-78244",,,,,,,,,,,,,,,,,,,,,,,,,,,,,,,,,,
35,"5507-Lochmoor,-San-Antonio,-TX-78244",143000.0,116090.0,177500.0,132560.0,204680.0,150790.0,26910.0,147000.0,26910.0,120090.0,44940.0,53890.0,126520.0,26910.0,99610.0,170000.0,40870.0,129130.0,,,,,,,,,,,,,,,,
36,"6831-Quail-Lk,-San-Antonio,-TX-78244",128260.0,107830.0,178830.0,137800.0,203490.0,154250.0,21450.0,136190.0,21450.0,114740.0,41030.0,49240.0,121250.0,17160.0,104090.0,,,,,,,,,,,,,,,,,,,
37,"5322-Shadow-Lake-Dr,-San-Antonio,-TX-78244",88000.0,65680.0,143430.0,97900.0,164220.0,109610.0,22320.0,96800.0,22320.0,79930.0,45530.0,54610.0,87714.0,17860.0,72500.0,,,,,,,,,,,,,,,,,,,
38,"5307-Shadow-Lake-Dr,-San-Antonio,-TX-78244",133950.0,108860.0,181730.0,128590.0,207020.0,143290.0,25090.0,140930.0,25090.0,115840.0,53140.0,63730.0,120000.0,20070.0,99930.0,,,,,,,,,,,,,,,,,,,
39,"5403-Park-Lk,-San-Antonio,-TX-78244",161036.0,134490.0,228290.0,166870.0,260220.0,186660.0,27530.0,170640.0,27530.0,143110.0,61420.0,73560.0,146396.0,22030.0,130360.0,187704.0,55770.0,141700.0,,,,,,,,,,,,,,,,
40,"5306-Shadow-Lake-Dr,-San-Antonio,-TX-78244",96050.0,74510.0,143790.0,97320.0,164760.0,109010.0,22520.0,101800.0,22520.0,79280.0,46470.0,55750.0,87318.0,18020.0,71890.0,120790.0,42220.0,78570.0,,,,,,,,,,,,,,,,
41,"5407-Park-Lk,-San-Antonio,-TX-78244",158502.0,138390.0,223490.0,172040.0,257830.0,196120.0,24150.0,171410.0,24150.0,147260.0,51450.0,61710.0,144093.0,19320.0,133690.0,188551.0,46820.0,145790.0,,,,,,,,,,,,,,,,
42,"5414-Shadow-Lake-Dr,-San-Antonio,-TX-78244",116590.0,99020.0,155030.0,115870.0,175460.0,128540.0,17570.0,126630.0,17570.0,109060.0,39160.0,46920.0,106326.0,14060.0,96520.0,139293.0,35580.0,106950.0,,,,,,,,,,,,,,,,
43,"5414-Lake-Grove-Dr,-San-Antonio,-TX-78244",116350.0,92710.0,187020.0,136930.0,212940.0,152940.0,23640.0,122300.0,23640.0,98660.0,50090.0,60000.0,108580.0,18910.0,89670.0,159240.0,45540.0,113700.0,,,,,,,,,,,,,,,,
44,"5526-Grand-Lake-Dr,-San-Antonio,-TX-78244",142393.0,,201620.0,158210.0,229510.0,177480.0,,151460.0,21830.0,129630.0,43410.0,52030.0,129448.0,,,166606.0,,,86010.0,17460.0,68550.0,94611.0,,,104072.0,,,113190.0,17460.0,95730.0,117680.0,17460.0,100220.0,
45,"5410-Lake-Grove-Dr,-San-Antonio,-TX-78244",107460.0,84850.0,156970.0,109980.0,179270.0,122950.0,22610.0,112900.0,22610.0,90290.0,46990.0,56320.0,100100.0,18080.0,82020.0,,,,,,,,,,,,,,,,,,,
46,"5527-Lochmoor,-San-Antonio,-TX-78244",225000.0,196000.0,285000.0,235680.0,304000.0,244870.0,29000.0,234000.0,29000.0,205000.0,49320.0,59130.0,195000.0,29000.0,166000.0,264000.0,44850.0,219150.0,,,,,,,,,,,,,,,,
47,"6830-Blue-Lake-Dr,-San-Antonio,-TX-78244",100410.0,78710.0,138000.0,95560.0,165390.0,114500.0,21700.0,105450.0,21700.0,83750.0,42440.0,50890.0,90574.0,17360.0,76130.0,121340.0,38540.0,82800.0,,,,,,,,,,,,,,,,
48,"6826-Blue-Lake-Dr,-San-Antonio,-TX-78244",74802.0,59020.0,131590.0,81010.0,150950.0,90270.0,23840.0,82282.0,23840.0,62800.0,50580.0,60680.0,68002.0,19070.0,51470.0,,,,,,,,,,,,,,,,,,,
49,"6834-Blue-Lake-Dr,-San-Antonio,-TX-78244",107315.0,86490.0,154830.0,112390.0,176580.0,125690.0,21700.0,113730.0,21700.0,92030.0,42440.0,50890.0,97559.0,17360.0,83580.0,125103.0,38540.0,91100.0,,,,,,,,,,,,,,,,
50,"5602-Crater-Lake-Dr,-San-Antonio,-TX-78244",136464.0,116390.0,190350.0,151110.0,216110.0,169040.0,21060.0,144910.0,21060.0,123850.0,39240.0,47070.0,124058.0,16850.0,112400.0,,,,,,,,,,,,,,,,,,,
51,"6847-Blue-Lake-Dr,-San-Antonio,-TX-78244",102000.0,78650.0,176000.0,126900.0,199000.0,140080.0,23350.0,122000.0,23350.0,98650.0,49100.0,58920.0,111705.0,18680.0,97090.0,,,,,,,,,,,,,,,,,,,
52,"6838-Blue-Lake-Dr,-San-Antonio,-TX-78244",132830.0,111130.0,188750.0,146310.0,215180.0,164290.0,21700.0,139960.0,21700.0,118260.0,42440.0,50890.0,124400.0,17360.0,107040.0,153956.0,38540.0,117430.0,,,,,,,,,,,,,,,,
53,"6842-Blue-Lake-Dr,-San-Antonio,-TX-78244",120220.0,96070.0,175200.0,123870.0,199700.0,138220.0,24150.0,126370.0,24150.0,102220.0,51330.0,61480.0,112310.0,19320.0,92990.0,,,,,,,,,,,,,,,,,,,
54,"6901-Twin-Lake-Dr,-San-Antonio,-TX-78244",118290.0,95910.0,173770.0,124720.0,198180.0,139460.0,23310.0,125370.0,23310.0,102060.0,49050.0,58720.0,107536.0,18650.0,92690.0,,,,,,,,,,,,,,,,,,,
55,"6839-Twin-Lake-Dr,-San-Antonio,-TX-78244",147280.0,123850.0,212550.0,163180.0,242460.0,183240.0,23430.0,155220.0,23430.0,131790.0,49370.0,59220.0,137960.0,18740.0,119220.0,175740.0,44880.0,130860.0,,,,,,,,,,,,,,,,
56,"6915-Indian-Lake-Dr,-San-Antonio,-TX-78244",147402.0,125860.0,211450.0,165100.0,240190.0,184600.0,22520.0,156450.0,22520.0,133930.0,46350.0,55590.0,134002.0,18020.0,121610.0,172095.0,42120.0,132560.0,,,,,,,,,,,,,,,,
57,"6910-Twin-Lake-Dr,-San-Antonio,-TX-78244",134480.0,111010.0,193190.0,143280.0,218940.0,159100.0,23470.0,147928.0,23470.0,132160.0,49910.0,59840.0,129294.0,18770.0,115710.0,162721.0,45400.0,129720.0,,,,,,,,,,,,,,,,
58,"6903-Twin-Lake-Dr,-San-Antonio,-TX-78244",118955.0,96610.0,158000.0,109380.0,197750.0,139480.0,23190.0,125990.0,23190.0,102800.0,48620.0,58270.0,108141.0,18550.0,93450.0,138589.0,44130.0,101660.0,,,,,,,,,,,,,,,,
59,"6915-Trail-Lk,-San-Antonio,-TX-78244",151841.0,134940.0,215890.0,174090.0,244920.0,194820.0,21570.0,165160.0,21570.0,143590.0,41800.0,50100.0,138037.0,17260.0,130280.0,180220.0,38000.0,142220.0,,,,,,,,,,,,,,,,
60,"6906-Indian-Lake-Dr,-San-Antonio,-TX-78244",142780.0,120540.0,207960.0,158860.0,236700.0,177780.0,23360.0,151630.0,23360.0,128270.0,49100.0,58920.0,129800.0,18680.0,116370.0,,,,,,,,,,,,,,,,,,,
61,"6930-Trail-Lk,-San-Antonio,-TX-78244",127304.0,106140.0,178200.0,134370.0,202510.0,149980.0,21920.0,134870.0,21920.0,112950.0,43830.0,52530.0,115731.0,17530.0,102730.0,148357.0,39790.0,111640.0,,,,,,,,,,,,,,,,
62,"6927-Trail-Lk,-San-Antonio,-TX-78244",144260.0,122070.0,202530.0,157800.0,230400.0,176720.0,22190.0,152090.0,22190.0,129900.0,44730.0,53680.0,135550.0,17750.0,117800.0,169430.0,40690.0,128740.0,,,,,,,,,,,,,,,,
63,"6925-Trail-Lk,-San-Antonio,-TX-78244",123390.0,101650.0,172650.0,129540.0,196540.0,144840.0,21740.0,129910.0,21740.0,108170.0,43110.0,51700.0,115610.0,17390.0,98220.0,146230.0,39180.0,107050.0,,,,,,,,,,,,,,,,
64,"6931-Trail-Lk,-San-Antonio,-TX-78244",114200.0,90170.0,168520.0,117550.0,192550.0,131450.0,24030.0,120060.0,24030.0,96030.0,50970.0,61100.0,106000.0,19220.0,86780.0,141450.0,46380.0,95070.0,,,,,,,,,,,,,,,,
65,"6926-Trail-Lk,-San-Antonio,-TX-78244",119000.0,97280.0,160000.0,116940.0,188000.0,136350.0,21720.0,121000.0,21720.0,99280.0,43060.0,51650.0,114000.0,17370.0,96630.0,142000.0,39140.0,102860.0,,,,,,,,,,,,,,,,
66,"6823-Twin-Lake-Dr,-San-Antonio,-TX-78244",150910.0,127810.0,216610.0,168290.0,246340.0,188400.0,23100.0,159100.0,23100.0,136000.0,48320.0,57940.0,136180.0,18480.0,123380.0,175010.0,43890.0,134750.0,,,,,,,,,,,,,,,,
67,"6826-Indian-Lake-Dr,-San-Antonio,-TX-78244",119609.0,97530.0,175330.0,127010.0,200060.0,142120.0,23100.0,126880.0,23100.0,103780.0,48320.0,57940.0,108735.0,18480.0,94170.0,139568.0,43890.0,102780.0,,,,,,,,,,,,,,,,
68,"5501-Grand-Lake-Dr,-San-Antonio,-TX-78244",138000.0,113190.0,197060.0,144650.0,224670.0,161860.0,24810.0,145260.0,24810.0,120450.0,52410.0,62810.0,129170.0,19850.0,109320.0,166910.0,47640.0,119270.0,,,,,,,,,,,,,,,,
69,"6827-Twin-Lake-Dr,-San-Antonio,-TX-78244",130970.0,107870.0,205520.0,157200.0,234020.0,176080.0,23100.0,137890.0,23100.0,114790.0,48320.0,57940.0,118195.0,18480.0,104230.0,,,,,,,,,,,,,,,,,,,
70,"5522-Grand-Lake-Dr,-San-Antonio,-TX-78244",140251.0,119430.0,201350.0,157510.0,228850.0,176320.0,21920.0,149010.0,21920.0,127090.0,43840.0,52530.0,127501.0,17530.0,115270.0,163911.0,39800.0,125890.0,,,,,,,,,,,,,,,,
71,"6835-Twin-Lake-Dr,-San-Antonio,-TX-78244",120070.0,96970.0,175100.0,126780.0,199840.0,141900.0,23100.0,126290.0,23100.0,103190.0,48320.0,57940.0,112100.0,18480.0,93620.0,146120.0,43890.0,102230.0,,,,,,,,,,,,,,,,
72,"6834-Indian-Lake-Dr,-San-Antonio,-TX-78244",119000.0,95900.0,175000.0,126680.0,186600.0,128660.0,23100.0,122000.0,23100.0,98900.0,48320.0,57940.0,104000.0,18480.0,85520.0,,,,,,,,,,,,,,,,,,,
73,"6830-Indian-Lake-Dr,-San-Antonio,-TX-78244",141570.0,119950.0,207720.0,159400.0,237070.0,179130.0,23100.0,150730.0,23100.0,127630.0,48320.0,57940.0,128700.0,18480.0,115430.0,165803.0,43890.0,126830.0,,,,,,,,,,,,,,,,
74,"6838-Indian-Lake-Dr,-San-Antonio,-TX-78244",141921.0,120060.0,203180.0,155480.0,231070.0,173930.0,22890.0,150640.0,22890.0,127750.0,47700.0,57140.0,129019.0,18320.0,115960.0,165704.0,43390.0,126500.0,,,,,,,,,,,,,,,,
75,"6831-Twin-Lake-Dr,-San-Antonio,-TX-78244",126470.0,103370.0,183710.0,135390.0,209310.0,151370.0,23100.0,133090.0,23100.0,109990.0,48320.0,57940.0,118360.0,18480.0,99880.0,152740.0,43890.0,108850.0,,,,,,,,,,,,,,,,
76,"6903-Indian-Lake-Dr,-San-Antonio,-TX-78244",137500.0,114730.0,193000.0,144090.0,210000.0,151400.0,23270.0,151250.0,23270.0,128730.0,48910.0,58600.0,125000.0,18620.0,106380.0,166375.0,44440.0,125560.0,,,,,,,,,,,,,,,,
77,"6910-Moon-Lake-Dr,-San-Antonio,-TX-78244",140930.0,117930.0,204190.0,156170.0,231900.0,174310.0,23000.0,148500.0,23000.0,125500.0,48020.0,57590.0,132520.0,18400.0,114120.0,167670.0,43640.0,124030.0,,,,,,,,,,,,,,,,
78,"6838-Twin-Lake-Dr,-San-Antonio,-TX-78244",108598.0,86780.0,159520.0,112470.0,182090.0,125700.0,22670.0,115020.0,22670.0,92350.0,47050.0,56390.0,98725.0,18140.0,83900.0,,,,,,,,,,,,,,,,,,,
79,"6911-Twin-Lake-Dr,-San-Antonio,-TX-78244",122780.0,99590.0,177770.0,129150.0,202620.0,144350.0,23190.0,129160.0,23190.0,105970.0,48620.0,58270.0,114820.0,18550.0,96270.0,142076.0,44130.0,104870.0,,,,,,,,,,,,,,,,
80,"6839-Indian-Lake-Dr,-San-Antonio,-TX-78244",138039.0,117060.0,198060.0,150040.0,225320.0,167730.0,23000.0,147570.0,23000.0,124570.0,48020.0,57590.0,125490.0,18400.0,113150.0,,,,,,,,,,,,,,,,,,,
81,"7018-Atherton,-San-Antonio,-TX-78244",170840.0,143160.0,216190.0,169430.0,230750.0,174680.0,27680.0,176640.0,27680.0,148960.0,46760.0,56070.0,144010.0,27680.0,116330.0,203130.0,42460.0,160670.0,,,,,,,,,,,,,,,,
82,"7022-Atherton,-San-Antonio,-TX-78244",154000.0,125900.0,191500.0,144080.0,218660.0,161830.0,28100.0,160000.0,28100.0,131900.0,47420.0,56830.0,133000.0,28100.0,104900.0,180000.0,43150.0,136850.0,,,,,,,,,,,,,,,,
83,"5524-Lochmoor,-San-Antonio,-TX-78244",,,,,,,,,,,,,,,,,,,,,,,,,,,,,,,,,,
84,"6919-Indian-Lake-Dr,-San-Antonio,-TX-78244",151800.0,129570.0,211090.0,166110.0,239570.0,185630.0,22230.0,160110.0,22230.0,137880.0,44980.0,53940.0,143060.0,17790.0,125270.0,177320.0,40900.0,136420.0,,,,,,,,,,,,,,,,
85,"6922-Moon-Lake-Dr,-San-Antonio,-TX-78244",141389.0,119900.0,200610.0,154700.0,227870.0,172830.0,22360.0,149950.0,22360.0,127590.0,45910.0,55040.0,128535.0,17900.0,115930.0,164945.0,41670.0,126210.0,,,,,,,,,,,,,,,,
86,"6826-Still-Lk,-San-Antonio,-TX-78244",152440.0,130930.0,209540.0,168240.0,237660.0,188130.0,21510.0,160830.0,21510.0,139320.0,41300.0,49530.0,143700.0,17200.0,126500.0,175490.0,37570.0,137920.0,,,,,,,,,,,,,,,,
87,"6827-Still-Lk,-San-Antonio,-TX-78244",152090.0,130390.0,193480.0,151040.0,219630.0,168740.0,21700.0,160450.0,21700.0,138750.0,42440.0,50890.0,135347.0,17360.0,126070.0,175780.0,38540.0,137240.0,,,,,,,,,,,,,,,,
88,"6823-Still-Lk,-San-Antonio,-TX-78244",168000.0,146300.0,205460.0,163020.0,233040.0,182150.0,21700.0,177220.0,21700.0,155520.0,42440.0,50890.0,159030.0,17360.0,141670.0,,,,,,,,,,,,,,,,,,,
89,"6819-Still-Lk,-San-Antonio,-TX-78244",141960.0,120260.0,196040.0,153600.0,222710.0,171820.0,21700.0,149670.0,21700.0,127970.0,42440.0,50890.0,133520.0,17360.0,116160.0,165210.0,38540.0,126670.0,,,,,,,,,,,,,116510.0,17360.0,99150.0,
90,"6822-Still-Lk,-San-Antonio,-TX-78244",154693.0,137780.0,219260.0,177460.0,248650.0,198540.0,21580.0,168190.0,21580.0,146610.0,41800.0,50110.0,140630.0,17260.0,133060.0,,,,,,,,,,,,,,,,,,,
91,"6902-Trail-Lk,-San-Antonio,-TX-78244",144295.0,124100.0,202630.0,157110.0,229940.0,175340.0,22310.0,154360.0,22310.0,132050.0,45520.0,54600.0,131177.0,17850.0,120110.0,169796.0,41360.0,130520.0,,,,,,,,,,,,,,,,
92,"6835-Still-Lk,-San-Antonio,-TX-78244",150600.0,132900.0,212630.0,170900.0,241110.0,191100.0,21590.0,163010.0,21590.0,141420.0,41730.0,50010.0,136909.0,17270.0,128400.0,177930.0,37940.0,139990.0,,,,,,,,,,,,,,,,
93,"6903-Quail-Lk,-San-Antonio,-TX-78244",159500.0,148430.0,237870.0,192200.0,269870.0,215160.0,22330.0,175450.0,22330.0,157950.0,45670.0,54710.0,145000.0,17860.0,127140.0,192995.0,41480.0,156470.0,,,,,,,,,,,,,,,,
94,"6831-Still-Lk,-San-Antonio,-TX-78244",132084.0,111370.0,184980.0,142760.0,210230.0,159570.0,21600.0,140110.0,21600.0,118510.0,42220.0,50660.0,120076.0,17280.0,107650.0,154121.0,38350.0,117250.0,,,,,,,,,,,,,,,,
95,"6830-Still-Lk,-San-Antonio,-TX-78244",138267.0,116100.0,196340.0,147890.0,209000.0,150960.0,23130.0,146660.0,23130.0,123530.0,48450.0,58040.0,125697.0,18510.0,112190.0,,,,,,,,,,,,,,,,,,,
96,"6906-Trail-Lk,-San-Antonio,-TX-78244",148634.0,130900.0,206650.0,164850.0,234270.0,184170.0,21570.0,160860.0,21570.0,139290.0,41800.0,50100.0,135122.0,17260.0,126530.0,175790.0,38000.0,137790.0,,,,,,,,,,,,,,,,
97,"6907-Quail-Lk,-San-Antonio,-TX-78244",126100.0,104530.0,173000.0,131200.0,192400.0,142300.0,21570.0,136000.0,21570.0,114430.0,41800.0,50100.0,119000.0,17260.0,101740.0,146000.0,38000.0,108000.0,,,,,,,,,,,,,118500.0,17260.0,101240.0,
98,"6906-Quail-Lk,-San-Antonio,-TX-78244",158460.0,136690.0,215030.0,172130.0,243550.0,192040.0,21770.0,167220.0,21770.0,145450.0,42900.0,51510.0,149710.0,17420.0,132290.0,182730.0,39000.0,143730.0,,,,,,,,,,,,,,,,
99,"6905-Quail-Lk,-San-Antonio,-TX-78244",116257.0,95190.0,163240.0,121440.0,185360.0,135260.0,21570.0,119000.0,21570.0,97430.0,41800.0,50100.0,105688.0,17260.0,92320.0,130900.0,38000.0,99920.0,,,,,,,,,,,,,,,,
100,"6903-Trail-Lk,-San-Antonio,-TX-78244",129730.0,107490.0,179940.0,134960.0,204190.0,150240.0,22240.0,136530.0,22240.0,114290.0,44980.0,53950.0,122190.0,17790.0,104400.0,150183.0,40900.0,112580.0,,,,,,,,,,,,,,,,
101,"6911-Quail-Lk,-San-Antonio,-TX-78244",146120.0,123590.0,203650.0,156980.0,219000.0,163040.0,22530.0,154040.0,22530.0,131510.0,46670.0,55960.0,137480.0,18030.0,119450.0,171000.0,42450.0,128550.0,,,,,,,,,,,,,,,,
102,"6910-Trail-Lk,-San-Antonio,-TX-78244",141920.0,122620.0,201580.0,157530.0,228940.0,176120.0,22010.0,152490.0,22010.0,130480.0,44050.0,52820.0,129018.0,17610.0,118470.0,167739.0,39990.0,129130.0,,,,,,,,,,,,,,,,
103,"6913-Quail-Lk,-San-Antonio,-TX-78244",140960.0,118510.0,197720.0,151450.0,224880.0,169400.0,22450.0,148560.0,22450.0,126110.0,46270.0,55480.0,132440.0,17960.0,114480.0,163416.0,42050.0,124870.0,,,,,,,,,,,,,,,,
104,"6910-Quail-Lk,-San-Antonio,-TX-78244",134390.0,112660.0,182890.0,140200.0,195000.0,143850.0,21730.0,141620.0,21730.0,119890.0,42690.0,51150.0,121385.0,17380.0,108930.0,155782.0,38760.0,118600.0,,,,,,,,,,,,,,,,
105,"6909-Quail-Lk,-San-Antonio,-TX-78244",106710.0,85750.0,154140.0,111250.0,175800.0,124300.0,21770.0,113020.0,21770.0,91250.0,42890.0,51500.0,97009.0,17410.0,82930.0,124322.0,38990.0,90270.0,,,,,,,,,,,,,,,,
106,"5303-Lakebend-East-Dr,-San-Antonio,-TX-78244",145622.0,136640.0,219000.0,176920.0,247930.0,197450.0,21580.0,160184.0,21580.0,145400.0,42080.0,50480.0,132384.0,17260.0,132240.0,176202.0,38240.0,143720.0,,,,,,,,,,,,,,,,
107,"5418-Shadow-Lake-Dr,-San-Antonio,-TX-78244",125000.0,101520.0,191000.0,141330.0,216000.0,156450.0,23480.0,148000.0,23480.0,124520.0,49670.0,59550.0,123300.0,18780.0,104520.0,,,,,,,,,,,,,,,,,,,
108,"5503-Lochmoor,-San-Antonio,-TX-78244",168000.0,133310.0,204000.0,144590.0,245910.0,174680.0,34690.0,174000.0,34690.0,139310.0,59410.0,71230.0,139000.0,34690.0,104310.0,195000.0,54090.0,140910.0,,,,,,,,,,,,,,,,
109,"7006-Atherton,-San-Antonio,-TX-78244",,,,,,,,,,,,,,,,,,,,,,,,,,,,,,,,,,
110,"5402-Park-Lk,-San-Antonio,-TX-78244",,,,,,,,,,,,,,,,,,,,,,,,,,,,,,,,,,
111,"5318-Lake,-Golden,-San-Antonio,-TX-78244",165711.0,138120.0,231000.0,166260.0,275950.0,198360.0,28960.0,175940.0,28960.0,146980.0,64740.0,77590.0,150646.0,23170.0,133500.0,,,,,,,,,,,,,,,,,,,
112,"5511-Roanwood,-San-Antonio,-TX-78244",126500.0,105520.0,182710.0,139840.0,203270.0,151790.0,24310.0,131360.0,24310.0,107050.0,42870.0,51480.0,115000.0,24310.0,90690.0,144496.0,38980.0,107880.0,,,,,,,,,,,,,,,,
113,"5315-Lakebend-East-Dr,-San-Antonio,-TX-78244",143433.0,122960.0,198560.0,157260.0,225490.0,175960.0,21510.0,152350.0,21510.0,130840.0,41300.0,49530.0,130394.0,17200.0,118740.0,167130.0,37570.0,129560.0,,,,,,,,,,,,,,,,
114,"5512-Grand-Lake-Dr,-San-Antonio,-TX-78244",126040.0,103370.0,181440.0,134390.0,206620.0,150230.0,22670.0,132660.0,22670.0,109990.0,47050.0,56390.0,118040.0,18140.0,99900.0,,,,,,,,,,,,,,,,,,,
115,"5504-Grand-Lake-Dr,-San-Antonio,-TX-78244",120310.0,96670.0,177590.0,127380.0,202620.0,142400.0,23640.0,127940.0,23640.0,104300.0,50210.0,60220.0,112280.0,18910.0,93370.0,148920.0,45710.0,103210.0,,,,,,,,,,,,,,,,
116,"5514-Lochmoor,-San-Antonio,-TX-78244",158920.0,132180.0,201340.0,156790.0,215240.0,161830.0,26740.0,164280.0,26740.0,137540.0,44550.0,53410.0,134050.0,26740.0,107310.0,188900.0,40470.0,148430.0,,,,,,,,,,,,,,,,
117,"5319-Shadow-Lake-Dr,-San-Antonio,-TX-78244",99000.0,76670.0,150870.0,105270.0,172610.0,117890.0,22330.0,108190.0,22330.0,85860.0,45600.0,54720.0,92763.0,17870.0,77880.0,119009.0,41490.0,85070.0,,,,,,,,,,,,,,,,
118,"5511-Lochmoor,-Apt-1,-San-Antonio,-TX-78244",,,,,,,,,,,,,,,,,,,,,,,,,,,,,,,,,,
119,"5530-Grand-Lake-Dr,-San-Antonio,-TX-78244",123130.0,100980.0,176530.0,132020.0,200890.0,147510.0,22150.0,129600.0,22150.0,107450.0,44510.0,53380.0,115360.0,17720.0,97640.0,146730.0,40440.0,106290.0,,,,,,,,,,,,,,,,
120,"5519-Roanwood,-San-Antonio,-TX-78244",135720.0,112890.0,178000.0,142240.0,198000.0,155060.0,22830.0,137360.0,22830.0,114530.0,35760.0,42940.0,127490.0,22830.0,104660.0,,,,,,,,,,,,,,,,,,,
121,"5709-Lochmoor,-San-Antonio,-TX-78244",,,,,,,,,,,,,,,,,,,,,,,,,,,,,,,,,,
122,"5717-Lochmoor,-San-Antonio,-TX-78244",,,,,,,,,,,,,,,,,,,,,,,,,,,,,,,,,,
123,"5629-Lochmoor,-San-Antonio,-TX-78244",,,,,,,,,,,,,,,,,,,,,,,,,,,,,,,,,,
124,"5519-Lochmoor,-Apt-1,-San-Antonio,-TX-78244",,,,,,,,,,,,,,,,,,,,,,,,,,,,,,,,,,
125,"5515-Lochmoor,-Apt-2,-San-Antonio,-TX-78244",,,,,,,,,,,,,,,,,,,,,,,,,,,,,,,,,,
126,"5502-Grand-Lake-Dr,-San-Antonio,-TX-78244",149630.0,124600.0,200600.0,147740.0,227210.0,163840.0,25030.0,154750.0,25030.0,129720.0,52860.0,63370.0,141470.0,20030.0,121440.0,175510.0,48050.0,127460.0,,,,,,,,,,,,,,,,
127,"5503-Roanwood,-San-Antonio,-TX-78244",172460.0,143160.0,212954.0,162844.0,225000.0,164940.0,29300.0,178260.0,29300.0,148960.0,50110.0,60060.0,143000.0,29300.0,113700.0,206220.0,45550.0,160670.0,,,,,,,,,,,,,,,,
128,"7014-Atherton,-San-Antonio,-TX-78244",,,,,,,,,,,,,,,,,,,,,,,,,,,,,,,,,,
129,"7012-Atherton,-San-Antonio,-TX-78244",,,,,,,,,,,,,,,,,,,,,,,,,,,,,,,,,,
130,"6921-Trail-Lk,-San-Antonio,-TX-78244",112300.0,91650.0,161310.0,119510.0,183770.0,133670.0,21570.0,119100.0,21570.0,97530.0,41800.0,50100.0,102091.0,17260.0,88520.0,131010.0,38000.0,96570.0,,,,,,,,,,,,,,,,
131,"5306-Lake,-Golden,-San-Antonio,-TX-78244",195730.0,173820.0,233400.0,189790.0,264980.0,212680.0,21910.0,204560.0,21910.0,182650.0,43610.0,52300.0,181827.0,17530.0,171810.0,218420.0,39610.0,178810.0,,,,,,,,,,,,,,,,
132,"5310-Shadow-Lake-Dr,-San-Antonio,-TX-78244",122000.0,99680.0,174000.0,128470.0,190000.0,135390.0,22320.0,132980.0,22320.0,110660.0,45530.0,54610.0,118170.0,17860.0,100310.0,,,,,,,,,,,,,,,,,,,
133,"5218-Lakebend-East-Dr,-San-Antonio,-TX-78244",154783.0,133850.0,210710.0,169410.0,238300.0,188770.0,21510.0,163930.0,21510.0,142420.0,41300.0,49530.0,140712.0,17200.0,124800.0,178160.0,37570.0,140590.0,,,,,,,,,,,,,,,,
134,"5323-Lakebend-East-Dr,-San-Antonio,-TX-78244",122000.0,100490.0,180000.0,138700.0,204630.0,155100.0,21510.0,134200.0,21510.0,115650.0,41300.0,49530.0,122200.0,17200.0,105000.0,147620.0,37570.0,114470.0,,,,,,,,,,,,,,,,
135,"5411-Park-Lk,-San-Antonio,-TX-78244",149990.0,127230.0,200050.0,152590.0,227870.0,170990.0,22760.0,154530.0,22760.0,131770.0,47460.0,56880.0,139854.0,18210.0,124360.0,169983.0,43110.0,127080.0,,,,,,,,,,,,,,,,
136,"5302-Lake,-Golden,-San-Antonio,-TX-78244",171223.0,153940.0,246730.0,198720.0,279990.0,222410.0,22990.0,186800.0,22990.0,163810.0,48010.0,57580.0,155657.0,18400.0,148620.0,,,,,,,,,,,,,,,,,,,
137,"5410-Shadow-Lake-Dr,-San-Antonio,-TX-78244",108767.0,84770.0,163110.0,111010.0,185430.0,123040.0,24460.0,114530.0,24460.0,90070.0,52100.0,62390.0,98879.0,19560.0,82410.0,,,,,,,,,,,,,,,,,,,
138,"5402-Shadow-Lake-Dr,-San-Antonio,-TX-78244",72446.0,79660.0,127000.0,78890.0,135000.0,77370.0,22970.0,107730.0,22970.0,84760.0,48110.0,57630.0,65860.0,18380.0,49550.0,118503.0,43720.0,83720.0,,,,,,,,,,,,,,,,
139,"5318-Shadow-Lake-Dr,-San-Antonio,-TX-78244",123810.0,101490.0,178060.0,132530.0,202990.0,148380.0,22320.0,130320.0,22320.0,108000.0,45530.0,54610.0,115830.0,17860.0,97970.0,148370.0,41370.0,107000.0,,,,,,,,,,,,,,,,
140,"5526-Lochmoor,-San-Antonio,-TX-78244",165550.0,138810.0,193000.0,148450.0,223770.0,170360.0,26740.0,167000.0,26740.0,140260.0,44550.0,53410.0,139370.0,26740.0,112630.0,,,,,,,,,,,,,,,,,,,
141,"5311-Shadow-Lake-Dr,-San-Antonio,-TX-78244",108570.0,86240.0,158910.0,113310.0,182040.0,127320.0,22330.0,100000.0,22330.0,77670.0,45600.0,54720.0,100880.0,17870.0,83010.0,132620.0,41490.0,91130.0,,,,,,,,,,,,,,,,
142,"5522-Lochmoor,-San-Antonio,-TX-78244",158920.0,132180.0,201340.0,156790.0,215240.0,161830.0,26740.0,164280.0,26740.0,137540.0,44550.0,53410.0,134050.0,26740.0,107310.0,,,,,,,,,,,,,,,,,,,
143,"5520-Grand-Lake-Dr,-San-Antonio,-TX-78244",135581.0,113960.0,199780.0,152730.0,227330.0,170940.0,22670.0,143930.0,22670.0,121260.0,47050.0,56390.0,123255.0,18140.0,110030.0,,,,,,,,,,,,,,,,,,,
144,"5510-Lochmoor,-San-Antonio,-TX-78244",164400.0,135550.0,210710.0,161610.0,226040.0,167120.0,28850.0,169900.0,28850.0,141050.0,49100.0,58920.0,138730.0,28850.0,109880.0,197100.0,44670.0,152430.0,,,,,,,,,,,,,,,,
145,"6907-Twin-Lake-Dr,-San-Antonio,-TX-78244",116680.0,93490.0,125000.0,76380.0,140000.0,81730.0,23190.0,90000.0,23190.0,66810.0,48620.0,58270.0,108860.0,18550.0,90310.0,109810.0,44130.0,65680.0,,,,,,,,,,,,,,,,2007-09-10T00:00:00.000Z
146,"6906-Moon-Lake-Dr,-San-Antonio,-TX-78244",137220.0,113790.0,198300.0,148930.0,225700.0,166480.0,23430.0,144510.0,23430.0,121080.0,49370.0,59220.0,128720.0,18740.0,109980.0,164690.0,44880.0,119810.0,,,,,,,,,,,,,,,,
147,"5507-Roanwood,-San-Antonio,-TX-78244",169370.0,143160.0,200000.0,157130.0,226160.0,174680.0,26210.0,171000.0,26210.0,144790.0,42870.0,51480.0,140000.0,26210.0,113790.0,199650.0,38980.0,160670.0,,,,,,,,,,,,,,,,
148,"6907-Indian-Lake-Dr,-San-Antonio,-TX-78244",140977.0,119290.0,201900.0,155550.0,229290.0,173700.0,22520.0,149460.0,22520.0,126940.0,46350.0,55590.0,128161.0,18020.0,115400.0,,,,,,,,,,,,,,,,,,,
149,"6914-Indian-Lake-Dr,-San-Antonio,-TX-78244",151674.0,128410.0,206260.0,157160.0,233460.0,174540.0,23360.0,166841.0,23360.0,144770.0,49100.0,58920.0,137885.0,18680.0,124960.0,,,,,,,,,,,,,,,,,,,
150,"6918-Moon-Lake-Dr,-San-Antonio,-TX-78244",153041.0,131510.0,222430.0,174410.0,253410.0,195820.0,23000.0,162940.0,23000.0,139940.0,48020.0,57590.0,139128.0,18400.0,126640.0,179234.0,43640.0,138930.0,,,,,,,,,,,,,,,,
151,"6902-Indian-Lake-Dr,-San-Antonio,-TX-78244",153827.0,131880.0,224330.0,174960.0,255650.0,196430.0,23430.0,163770.0,23430.0,140340.0,49370.0,59220.0,139843.0,18740.0,127000.0,,,,,,,,,,,,,,,,,,,
152,"6835-Indian-Lake-Dr,-San-Antonio,-TX-78244",130995.0,109260.0,192350.0,144030.0,219750.0,161810.0,23100.0,139370.0,23100.0,116270.0,48320.0,57940.0,119086.0,18480.0,105190.0,153307.0,43890.0,115470.0,,,,,,,,,,,,,,,,
153,"6914-Moon-Lake-Dr,-San-Antonio,-TX-78244",132156.0,110020.0,191570.0,143550.0,217910.0,160320.0,23000.0,140080.0,23000.0,117080.0,48020.0,57590.0,120142.0,18400.0,106410.0,154088.0,43640.0,115780.0,,,,,,,,,,,,,,,,
154,"5515-Lochmoor,-Apt-1,-San-Antonio,-TX-78244",,,,,,,,,,,,,,,,,,,,,,,,,,,,,,,,,,
155,"6911-Indian-Lake-Dr,-San-Antonio,-TX-78244",150427.0,129020.0,212760.0,166410.0,241900.0,186310.0,22520.0,159820.0,22520.0,137300.0,46350.0,55590.0,136752.0,18020.0,124550.0,,,,,,,,,,,,,,,,,,,
156,"7026-Atherton,-San-Antonio,-TX-78244",154000.0,126930.0,191500.0,146030.0,216350.0,161830.0,27070.0,160000.0,27070.0,132930.0,45470.0,54520.0,133000.0,27070.0,105930.0,180000.0,41310.0,138690.0,,,,,,,,,,,,,,,,
157,"6910-Indian-Lake-Dr,-San-Antonio,-TX-78244",140170.0,116810.0,202210.0,153110.0,230120.0,171200.0,23360.0,147660.0,23360.0,124300.0,49100.0,58920.0,131560.0,18680.0,112880.0,162426.0,44670.0,123040.0,,,,,,,,,,,,,,,,
158,"5505-Roanwood,-San-Antonio,-TX-78244",,,,,,,,,,,,,,,,,,,,,,,,,,,,,,,,,,
159,"7023-Atherton,-San-Antonio,-TX-78244",130000.0,104370.0,191650.0,143730.0,213320.0,155860.0,25630.0,131000.0,25630.0,105370.0,47920.0,57460.0,123000.0,25630.0,97370.0,154750.0,43570.0,111180.0,,,,,,,,,,,,,,,,
160,"5518-Lochmoor,-San-Antonio,-TX-78244",162290.0,135550.0,206160.0,161610.0,220530.0,167120.0,26740.0,167790.0,26740.0,141050.0,44550.0,53410.0,136620.0,26740.0,109880.0,,,,,,,,,,,,,,,,,,,
161,"6926-Moon-Lake-Dr,-San-Antonio,-TX-78244",144710.0,121240.0,205530.0,155670.0,233820.0,174090.0,23470.0,152480.0,23470.0,129010.0,49860.0,59730.0,135920.0,18780.0,117140.0,,,,,,,,,,,,,,,,,,,
162,"5603-Lochmoor,-San-Antonio,-TX-78244",29000.0,,49320.0,,59130.0,,29000.0,29000.0,29000.0,,49320.0,59130.0,29000.0,29000.0,,,,,,,,,,,,,,,,,,,,
163,"5530-Lochmoor,-San-Antonio,-TX-78244",159910.0,132180.0,203490.0,156790.0,217830.0,161830.0,27730.0,165270.0,27730.0,137540.0,46700.0,56000.0,135040.0,27730.0,107310.0,190920.0,42490.0,148430.0,,,,,,,,,,,,,,,,
164,"6826-Twin-Lake-Dr,-San-Antonio,-TX-78244",115000.0,92330.0,146000.0,98950.0,180000.0,123610.0,22670.0,122000.0,22670.0,99330.0,47050.0,56390.0,109000.0,18140.0,90860.0,,,,,,,,,,,,,,,,,,,
165,"5532-Lochmoor,-San-Antonio,-TX-78244",,,,,,,,,,,,,,,,,,,,,,,,,,,,,,,,,,
166,"6829-Blue-Lake-Dr,-San-Antonio,-TX-78244",103987.0,83300.0,153390.0,109660.0,175690.0,123300.0,21920.0,110560.0,21920.0,88640.0,43730.0,52390.0,94534.0,17530.0,80150.0,121616.0,39710.0,88120.0,,,,,,,,,,,,,,,,
167,"7028-Atherton,-San-Antonio,-TX-78244",,,,,,,,,,,,,,,,,,,,,,,,,,,,,,,,,,
168,"6827-Blue-Lake-Dr,-San-Antonio,-TX-78244",101035.0,80140.0,149720.0,105990.0,171080.0,118690.0,21920.0,108390.0,21920.0,86470.0,43730.0,52390.0,91850.0,17530.0,77290.0,,,,,,,,,,,,,,,,,,,
169,"6822-Twin-Lake-Dr,-San-Antonio,-TX-78244",108520.0,85850.0,158000.0,110950.0,169000.0,112610.0,22670.0,114020.0,22670.0,91350.0,47050.0,56390.0,101050.0,18140.0,82910.0,133240.0,42770.0,90470.0,,,,,,,,,,,,,,,,
170,"6839-Blue-Lake-Dr,-San-Antonio,-TX-78244",96800.0,75830.0,142570.0,98840.0,163070.0,110680.0,21920.0,102610.0,21920.0,80690.0,43730.0,52390.0,88000.0,17530.0,73190.0,112871.0,39710.0,79950.0,,,,,,,,,,,,,,,,
171,"6823-Blue-Lake-Dr,-San-Antonio,-TX-78244",108480.0,86560.0,157040.0,113310.0,179610.0,127220.0,21920.0,114030.0,21920.0,92110.0,43730.0,52390.0,95000.0,17530.0,77470.0,,,,,,,,,,,,,,,,,,,
172,"6834-Twin-Lake-Dr,-San-Antonio,-TX-78244",113880.0,91210.0,165730.0,118680.0,189120.0,132730.0,22670.0,119730.0,22670.0,97060.0,47050.0,56390.0,106280.0,18140.0,88140.0,,,,,,,,,,,,,,,,,,,
173,"6835-Blue-Lake-Dr,-San-Antonio,-TX-78244",110280.0,88360.0,155800.0,112070.0,177700.0,125310.0,21920.0,115940.0,21920.0,94020.0,43730.0,52390.0,102920.0,17530.0,85390.0,127534.0,39710.0,93030.0,,,,,,,,,,,,,,,,
174,"6831-Blue-Lake-Dr,-San-Antonio,-TX-78244",128590.0,106670.0,199000.0,155270.0,226000.0,173610.0,21920.0,154360.0,21920.0,132440.0,43730.0,52390.0,120260.0,17530.0,102730.0,168000.0,39710.0,128290.0,,,,,,,,,,,,,,,,
175,"6906-Twin-Lake-Dr,-San-Antonio,-TX-78244",121050.0,97550.0,194930.0,145300.0,222090.0,162570.0,23500.0,144610.0,23500.0,121110.0,49630.0,59520.0,109120.0,18800.0,94200.0,,,,,,,,,,,,,,,,,,,
176,"6830-Twin-Lake-Dr,-San-Antonio,-TX-78244",108827.0,87020.0,158960.0,111910.0,181510.0,125120.0,22670.0,115270.0,22670.0,92600.0,47050.0,56390.0,98934.0,18140.0,84120.0,,,,,,,,,,,,,,,,,,,
177,"6902-Twin-Lake-Dr,-San-Antonio,-TX-78244",125360.0,101320.0,183200.0,132190.0,209050.0,147890.0,24040.0,131860.0,24040.0,107820.0,51010.0,61160.0,117100.0,19240.0,97860.0,153080.0,46320.0,106760.0,,,,,,,,,,,,,,,,
178,"6902-Quail-Lk,-San-Antonio,-TX-78244",150570.0,127860.0,211860.0,164800.0,240890.0,184390.0,22710.0,158760.0,22710.0,136050.0,47060.0,56500.0,141640.0,18170.0,123470.0,174636.0,42770.0,134730.0,,,,,,,,,,,,,,,,
179,"6842-Twin-Lake-Dr,-San-Antonio,-TX-78244",139710.0,116630.0,201160.0,153000.0,229540.0,171730.0,23080.0,147180.0,23080.0,124100.0,48160.0,57810.0,130820.0,18470.0,112350.0,,,,,,,,,,,,,,,,,,,
180,"6914-Trail-Lk,-San-Antonio,-TX-78244",125560.0,103990.0,173900.0,132100.0,197700.0,147600.0,21570.0,132230.0,21570.0,110660.0,41800.0,50100.0,117820.0,17260.0,100560.0,147460.0,38000.0,109460.0,,,,,,,,,,,,,,,,
181,"6915-Quail-Lk,-San-Antonio,-TX-78244",157960.0,134660.0,219690.0,170810.0,249440.0,190860.0,23300.0,166590.0,23300.0,143290.0,48880.0,58580.0,148810.0,18640.0,130170.0,186170.0,44410.0,141760.0,,,,,,,,,,,,,,,,
182,"6918-Trail-Lk,-San-Antonio,-TX-78244",110180.0,88170.0,157760.0,113710.0,179700.0,126880.0,22010.0,115830.0,22010.0,93820.0,44050.0,52820.0,102970.0,17610.0,85360.0,132700.0,39990.0,92710.0,,,,,,,,,,,,,,,,
183,"6843-Blue-Lake-Dr,-San-Antonio,-TX-78244",99270.0,77450.0,143140.0,99830.0,163400.0,111500.0,21820.0,104240.0,21820.0,82420.0,43310.0,51900.0,88220.0,17460.0,70760.0,,,,,,,,,,,,,,,,,,,
184,"6934-Trail-Lk,-San-Antonio,-TX-78244",152956.0,136200.0,223670.0,176340.0,254670.0,197970.0,22720.0,167650.0,22720.0,144930.0,47330.0,56700.0,139051.0,18180.0,131160.0,184415.0,43000.0,143910.0,,,,,,,,,,,,,,,,
185,"7004-Atherton,-San-Antonio,-TX-78244",168000.0,134690.0,204000.0,147390.0,242520.0,174680.0,33310.0,174000.0,33310.0,140690.0,56610.0,67840.0,139000.0,33310.0,105690.0,195000.0,51490.0,143510.0,,,,,,,,,,,,,,,,
186,"6929-Trail-Lk,-San-Antonio,-TX-78244",108000.0,85180.0,158000.0,110510.0,187000.0,130060.0,22820.0,110000.0,22820.0,87180.0,47490.0,56940.0,97000.0,18250.0,78750.0,132000.0,43210.0,88790.0,,,,,,,,,,,,,,,,
187,"6911-Trail-Lk,-San-Antonio,-TX-78244",155570.0,134000.0,214870.0,173070.0,243850.0,193750.0,21570.0,164160.0,21570.0,142590.0,41800.0,50100.0,146610.0,17260.0,129350.0,179280.0,38000.0,141280.0,,,,,,,,,,,,,,,,
188,"6907-Trail-Lk,-San-Antonio,-TX-78244",142520.0,120950.0,195320.0,153520.0,221710.0,171610.0,21570.0,150270.0,21570.0,128700.0,41800.0,50100.0,134160.0,17260.0,116900.0,165297.0,38000.0,127400.0,,,,,,,,,,,,,,,,
189,"6954-Lakeview-Dr,-San-Antonio,-TX-78244",,,434530.0,363760.0,466080.0,381200.0,,302770.0,56170.0,246600.0,70770.0,84880.0,,,,,,,,,,,,,,,,,,,,,,
190,"7016-Atherton,-San-Antonio,-TX-78244",172810.0,145680.0,199000.0,153400.0,233440.0,178720.0,27130.0,130000.0,27130.0,102870.0,45600.0,54720.0,145360.0,27130.0,118230.0,185000.0,41490.0,143510.0,,,,,,,,,,,,,,,,
191,"6922-Trail-Lk,-San-Antonio,-TX-78244",127420.0,105690.0,176670.0,133770.0,200780.0,149360.0,21730.0,134190.0,21730.0,112460.0,42900.0,51420.0,119670.0,17390.0,102280.0,147609.0,39000.0,111190.0,,,,,,,,,,,,,,,,
192,"6935-Trail-Lk,-San-Antonio,-TX-78244",132250.0,106660.0,190890.0,136060.0,217870.0,152160.0,25590.0,139080.0,25590.0,113490.0,54830.0,65710.0,123520.0,20480.0,103040.0,162200.0,49860.0,112340.0,,,,,,,,,,,,,,,,
193,"6919-Trail-Lk,-San-Antonio,-TX-78244",112800.0,91230.0,159890.0,118090.0,182240.0,132140.0,21570.0,118650.0,21570.0,97080.0,41800.0,50100.0,105400.0,17260.0,88140.0,134100.0,38000.0,96100.0,,,,,,,,,,,,,,,,
194,"5311-Lakebend-East-Dr,-San-Antonio,-TX-78244",128137.0,108690.0,,,,,21510.0,,,,,,116488.0,,,,,,,,,,,,,,,,,,,,,
195,"7010-Atherton,-San-Antonio,-TX-78244",164000.0,136900.0,192500.0,147060.0,229170.0,174680.0,27100.0,170000.0,27100.0,142900.0,45440.0,54490.0,136000.0,27100.0,108900.0,180000.0,41350.0,138650.0,,,,,,,,,,,,,,,,
196,"7032-Atherton,-San-Antonio,-TX-78244",,,,,,,,,,,,,,,,,,,,,,,,,,,,,,,,,,
197,"5314-Lake,-Golden,-San-Antonio,-TX-78244",127340.0,,162107.0,,197700.0,154170.0,,136200.0,20600.0,115600.0,,43530.0,115764.0,,,147370.0,33010.0,114360.0,,,,,,,,,,,,,,,,
198,"7008-Atherton,-San-Antonio,-TX-78244",145000.0,116310.0,177500.0,128560.0,209470.0,150790.0,28690.0,150000.0,28690.0,121310.0,48940.0,58680.0,127000.0,28690.0,98310.0,170000.0,44550.0,125450.0,,,,,,,,,,,,,,,,
199,"5503-Grand-Lake-Dr,-San-Antonio,-TX-78244",165720.0,137200.0,240790.0,177210.0,275060.0,198860.0,28520.0,174520.0,28520.0,146000.0,63580.0,76200.0,155060.0,22820.0,132240.0,,,,,,,,,,,,,,,,,,,
200,"5314-Shadow-Lake-Dr,-San-Antonio,-TX-78244",97090.0,74770.0,142610.0,97080.0,163180.0,108570.0,22320.0,101880.0,22320.0,79560.0,45530.0,54610.0,90100.0,17860.0,72240.0,120120.0,41370.0,78750.0,,,,,,,,,,,,,,,,
201,"5322-Lake,-Golden,-San-Antonio,-TX-78244",147947.0,124550.0,209820.0,158240.0,238320.0,176520.0,24180.0,156710.0,24180.0,132530.0,51580.0,61800.0,134497.0,19340.0,120590.0,,,,,,,,,,,,,,,,,,,
202,"5516-Grand-Lake-Dr,-San-Antonio,-TX-78244",122682.0,100950.0,178450.0,131400.0,203340.0,146950.0,22670.0,130090.0,22670.0,107420.0,47050.0,56390.0,111529.0,18140.0,97540.0,143099.0,42770.0,106330.0,,,,,,,,,,,,,,,,
203,"5418-Lake-Grove-Dr,-San-Antonio,-TX-78244",106270.0,79670.0,162590.0,104260.0,186760.0,116890.0,26600.0,111380.0,26600.0,84780.0,58330.0,69870.0,98110.0,21280.0,76830.0,137020.0,52950.0,84070.0,,,,,,,,,,,,,,,,
204,"5407-Shadow-Lake-Dr,-San-Antonio,-TX-78244",119197.0,96140.0,178100.0,126180.0,203830.0,141670.0,24330.0,126640.0,24330.0,102310.0,51920.0,62160.0,108361.0,19470.0,92620.0,,,,,,,,,,,,,,,,,,,
205,"5403-Shadow-Lake-Dr,-San-Antonio,-TX-78244",106000.0,82790.0,166450.0,117860.0,190510.0,132260.0,23210.0,110000.0,23210.0,86790.0,48590.0,58250.0,105270.0,18560.0,86710.0,139190.0,44180.0,95010.0,,,,,,,,,,,,,,,,
206,"5406-Shadow-Lake-Dr,-San-Antonio,-TX-78244",99240.0,77100.0,140000.0,95170.0,155000.0,101280.0,22140.0,104180.0,22140.0,82040.0,44830.0,53720.0,90882.0,17720.0,74560.0,121830.0,40700.0,81130.0,,,,,,,,,,,,,,,,
207,"5625-Lochmoor,-San-Antonio,-TX-78244",,,,,,,,,,,,,,,,,,,,,,,,,,,,,,,,,,
208,"6914-Quail-Lk,-San-Antonio,-TX-78244",135418.0,112320.0,195610.0,144110.0,222790.0,161010.0,24220.0,143740.0,24220.0,119520.0,51500.0,61780.0,,,,158114.0,46850.0,118310.0,,,,,,,,,,,,,,,,
209,"5607-Lochmoor,-San-Antonio,-TX-78244",235000.0,206000.0,310000.0,260680.0,310000.0,250870.0,29000.0,240000.0,29000.0,211000.0,49320.0,59130.0,195000.0,29000.0,166000.0,,,,,,,,,,,,,,,,,,,
210,"5607-Lochmoor,---1,-San-Antonio,-TX-78244",,,,,,,,,,,,,,,,,,,,,,,,,,,,,,,,,,
211,"325-Sw-Trafalgar-Pkwy,-Cape-Coral,-FL-33991",,,251660.0,212348.0,,,,,,,39312.0,,,,,186827.0,26000.0,160827.0,,,,,,,,,,,,,,,,
212,"6636-W-William-Cannon-Dr,-Austin,-TX-78735",,,,,,,,,,,,,,,,,,,,,,,,,,,,,,,,,,
213,"13529-Coleto-Creek-Trl,-Austin,-TX-78732",,,2352862.0,1512862.0,2162504.0,1434504.0,,,,,840000.0,728000.0,,,,,,,,,,,,,,,,,,,,,,
214,"7011-W-Parmer-Ln,-Austin,-TX-78729",,,,,,,,,,,,,,,,,,,,,,,,,,,,,,,,,,
215,"7001-S-Congress-Ave,-Austin,-TX-78745",,,,,,,,,,,,,,,,,,,,,,,,,,,,,,,,,,
216,"8109-Wolf-Jaw-Cv,-Austin,-TX-78729",305713.0,238945.0,375929.0,290929.0,,,66768.0,322705.0,77063.0,245642.0,85000.0,,,,,,,,,,,,,,,,,,,,,,,
217,"5200-N-Lamar-Blvd,-Austin,-TX-78751",,,,,,,,,,,,,,,,,,,,,,,,,,,,,,,,,,
218,"1301-W-5th-St,-Austin,-TX-78703",,,,,,,,,,,,,,,,,,,,,,,,,,,,,,,,,,
219,"5120-Mansfield-View-Ct,-Austin,-TX-78732",,,2272503.0,2025003.0,,,,,,,247500.0,,,,,,,,,,,,,,,,,,,,,,,
220,"1044-Camino-Ln,-Costa,-Austin,-TX-78752",,,,,,,,,,,,,,,,,,,,,,,,,,,,,,,,,,
221,"12300-Riata-Trace-Pkwy,-Austin,-TX-78727",,,,,,,,,,,,,,,,,,,,,,,,,,,,,,,,,,
222,"4913-Wing-Rd,-Austin,-TX-78749",348100.0,173100.0,509690.0,259690.0,,,175000.0,348100.0,175000.0,173100.0,250000.0,,,,,372516.0,175000.0,197516.0,,,,,,,,,,,,,,,,
223,"924-Cavalry-Ride-Trl,-Austin,-TX-78732",,,861325.0,561325.0,,,,429766.0,70000.0,359766.0,300000.0,,,,,,,,,,,,,,,,,,,,,,,
224,"2401-Manor-Rd,-Apt-209,-Austin,-TX-78722",205000.0,179660.0,240040.0,185138.0,257687.0,189545.0,25340.0,205000.0,25340.0,179660.0,54902.0,68142.0,,,,185492.0,25340.0,160152.0,,,,,,,,,,,,,,,,
225,"800-W-38th-St,-Austin,-TX-78705",,,,,,,,,,,,,,,,,,,,,,,,,,,,,,,,,,
226,"2426-E-6th-St,-Unit-242,-Austin,-TX-78702",,,,,,,,,,,,,,,,,,,,,,,,,,,,,,,,,,
227,"4811-Burnet-Rd,-Austin,-TX-78756",,,14093799.0,10476024.0,,,,12090440.0,3100950.0,8989490.0,3617775.0,,,,,,,,,,,,,,,,,,,,,,,
228,"1500-E-Riverside-Dr,-Austin,-TX-78741",,,,,,,,,,,,,,,,,,,,,,,,,,,,,,,,,,
229,"8801-N-Fm-620-Rd,-Austin,-TX-78726",,,,,,,,,,,,,,,,,,,,,,,,,,,,,,,,,,
230,"2104-E-Anderson-Ln,-Austin,-TX-78752",,,,,,,,,,,,,,,,,,,,,,,,,,,,,,,,,,
231,"7401-N-Lamar-Blvd,-Austin,-TX-78752",,,,,,,,,,,,,,,,,,,,,,,,,,,,,,,,,,
232,"12430-Metric-Blvd,-Austin,-TX-78758",,,,,,,,,,,,,,,,,,,,,,,,,,,,,,,,,,
233,"6500-Champion-Grandview-Way,-Austin,-TX-78750",,,,,,,,,,,,,,,,,,,,,,,,,,,,,,,,,,
234,"2402-San-Gabriel-St,-Austin,-TX-78705",,,,,,,,,,,,,,,,,,,,,,,,,,,,,,,,,,
235,"360-Nueces-St,-Apt-1212,-Austin,-TX-78701",,,496586.0,461841.0,,,,,,,34745.0,,,,,,,,,,,,,,,,,,,,,,,
236,"1621-E-6th-St,-Austin,-TX-78702",,,,,,,,,,,,,,,,,,,,,,,,,,,,,,,,,,
237,"8600-N-Lamar-Blvd,-Austin,-TX-78753",,,,,,,,,,,,,,,,,,,,,,,,,,,,,,,,,,
238,"1911-Willow-Creek-Dr,-Austin,-TX-78741",,,,,,,,,,,,,,,,,,,,,,,,,,,,,,,,,,
239,"1611-W-5th-St,-Austin,-TX-78703",,,,,,,,,,,,,,,,,,,,,,,,,,,,,,,,,,
240,"1720-W-Wells-Branch-Pkwy,-Austin,-TX-78728",,,,,,,,,,,,,,,,,,,,,,,,,,,,,,,,,,
241,"13145-N-Hwy,-183,-Austin,-TX-78750",,,,,,,,,,,,,,,,,,,,,,,,,,,,,,,,,,
242,"6607-Brodie-Ln,-Austin,-TX-78745",,,,,,,,,,,,,,,,,,,,,,,,,,,,,,,,,,
243,"3816-S-Lamar-Blvd,-Austin,-TX-78704",,,,,,,,,,,,,,,,,,,,,,,,,,,,,,,,,,
244,"2504-Huntwick-Dr,-Austin,-TX-78741",,,,,,,,,,,,,,,,,,,,,,,,,,,,,,,,,,
245,"502-W-Longspur-Blvd,-Austin,-TX-78753",,,,,,,,,,,,,,,,,,,,,,,,,,,,,,,,,,
246,"1507-Kinney-Ave,-Austin,-TX-78704",,,,,,,,,,,,,,,,,,,,,,,,,,,,,,,,,,
247,"1100-Reinli-St,-Austin,-TX-78723",,,,,,,,,,,,,,,,,,,,,,,,,,,,,,,,,,
248,"1309-Zacharys-Way,-Austin,-TX-78748",268447.0,193447.0,435000.0,285000.0,,,75000.0,,,,150000.0,,,,,276171.0,75000.0,201171.0,,,,,,,,,,,,,,,,
249,"1034-Clayton-Ln,-Austin,-TX-78723",,,,,,,,,,,,,,,,,,,,,,,,,,,,,,,,,,
250,"11511-Metric-Blvd,-Austin,-TX-78758",,,,,,,,,,,,,,,,,,,,,,,,,,,,,,,,,,
251,"1403-Norwalk-Ln,-Austin,-TX-78703",,,,,,,,,,,,,,,,,,,,,,,,,,,,,,,,,,
252,"811-E-11th-St,-Austin,-TX-78702",,,,,,,,,,,,,,,,,,,,,,,,,,,,,,,,,,
253,"2029-E-7th-St,-Unit-134,-Austin,-TX-78702",,,,,,,,,,,,,,,,,,,,,,,,,,,,,,,,,,
254,"5402-Ave-F,-Austin,-TX-78751",,,,,,,,,,,,,,,,,,,,,,,,,,,,,,,,,,
255,"2819-Foster-Ln,-Austin,-TX-78757",,,,,,,,,,,,,,,,,,,,,,,,,,,,,,,,,,
256,"13217-Vendrell-Dr,-Austin,-TX-78729",282010.0,220110.0,357779.0,282779.0,,,61900.0,293601.0,70403.0,223198.0,75000.0,,,,,357779.0,75000.0,282779.0,,,,,,,,,,,,,,,,
257,"1511-Faro-Dr,-Austin,-TX-78741",,,,,,,,,,,,,,,,,,,,,,,,,,,,,,,,,,
258,"1900-W-Saint-Johns-Ave-Unit-A,-Austin,-TX-78757",,,,,,,,,,,,,,,,,,,,,,,,,,,,,,,,,,
259,"11402-Walnut-Ridge-Dr,-Unit-B,-Austin,-TX-78753",,,,,,,,,,,,,,,,,,,,,,,,,,,,,,,,,,
260,"12300-Hymeadow-Dr,-Austin,-TX-78750",,,,,,,,,,,,,,,,,,,,,,,,,,,,,,,,,,
261,"1908-W-Loop,-Apt-A,-Austin,-TX-78758",,,,,,,,,,,,,,,,,,,,,,,,,,,,,,,,,,
262,"1900-Barton-Springs-Rd,-Unit-4041,-Austin,-TX-78704",,,523101.0,486295.0,455800.0,392226.0,,333750.0,36806.0,296944.0,36806.0,63574.0,,,,,,,,,,,,,,,,,,,,,,
263,"10122-Cassandra-Dr,-Austin,-TX-78717",,,440347.0,350347.0,576637.0,416637.0,,376954.0,79917.0,297037.0,90000.0,160000.0,,,,,,,,,,,,,,,,,,,,,,
264,"6263-Mcneil-Dr,-Austin,-TX-78729",,,,,,,,,,,,,,,,,,,,,,,,,,,,,,,,,,
265,"8112-Siringo-Pass,-Austin,-TX-78749",,,656846.0,406846.0,649186.0,399186.0,,352644.0,100000.0,252644.0,250000.0,250000.0,,,,432617.0,100000.0,332617.0,,,,,,,,,,,,,,,,
266,"8000-Decker-Ln,-Austin,-TX-78724",,,,,,,,,,,,,,,,,,,,,,,,,,,,,,,,,,
267,"7920-San-Felipe-Blvd,-Austin,-TX-78729",,,,,,,,,,,,,,,,,,,,,,,,,,,,,,,,,,
268,"909-Great-Britain-Blvd,-Austin,-TX-78748",,,473360.0,198360.0,414679.0,139679.0,,,,,275000.0,275000.0,,,,295400.0,125000.0,170400.0,,,,,,,,,,,,,,,,
269,"1810-Adina-St,-Unit-B,-Austin,-TX-78721",,,,,,,,,,,,,,,,,,,,,,,,,,,,,,,,,,
270,"500-E-Riverside-Dr,-Apt-254,-Austin,-TX-78704",,,,,,,,,,,,,,,,229200.0,102240.0,126960.0,,,,,,,,,,,,,,,,
271,"6503-Bluff-Springs-Rd,-Austin,-TX-78744",,,,,,,,,,,,,,,,,,,,,,,,,,,,,,,,,,
272,"8312-Fathom-Cir,-Austin,-TX-78750",,,,,,,,,,,,,,,,,,,,,,,,,,,,,,,,,,
273,"2320-Gracy-Farms-Ln,-Apt-233,-Austin,-TX-78758",124446.0,173951.0,297353.0,296971.0,297071.0,296689.0,382.0,,,,382.0,382.0,,,,150580.0,382.0,195788.0,,,,,,,,,,,,,,,,
274,"14100-Avery-Ranch-Blvd,-Unit-701,-Austin,-TX-78717",,,272379.0,227379.0,360411.0,274423.0,,244663.0,38457.0,206206.0,45000.0,85988.0,,,,,,,,,,,,,,,,,,,,,,
275,"7224-Northeast-Dr,-Austin,-TX-78723",,,,,,,,,,,,,,,,,,,,,,,,,,,,,,,,,,
276,"1624-E-6th-St,-Unit-233,-Austin,-TX-78702",,,,,,,,,,,,,,,,,,,,,,,,,,,,,,,,,,
277,"313-Brazos-St,-Unit-236,-Austin,-TX-78701",,,,,,,,,,,,,,,,,,,,,,,,,,,,,,,,,,
278,"8001-S-Ih,---35,-Austin,-TX-78744",,,,,,,,,,,,,,,,,,,,,,,,,,,,,,,,,,
279,"2505-Longview-St,-Austin,-TX-78705",,,,,,,,,,,,,,,,,,,,,,,,,,,,,,,,,,
280,"10926-Jollyville-Rd,-Austin,-TX-78759",,,,,,,,,,,,,,,,,,,,,,,,,,,,,,,,,,
281,"301-West-Ave,-Apt-3502,-Austin,-TX-78701",,,,,1171816.0,1118064.0,,,,,,53752.0,,,,,,,,,,,,,,,,,,,,,,
282,"1781-Spyglass-Dr,-Austin,-TX-78746",,,,,,,,,,,,,,,,,,,,,,,,,,,,,,,,,,
283,"12345-Lamplight-Village-Ave,-Austin,-TX-78758",,,,,,,,,,,,,,,,,,,,,,,,,,,,,,,,,,
284,"9501-N-Fm-620-Rd,-Austin,-TX-78726",,,,,,,,,,,,,,,,,,,,,,,,,,,,,,,,,,
285,"500-E-Anderson-Ln,-Austin,-TX-78752",,,,,,,,,,,,,,,,,,,,,,,,,,,,,,,,,,
286,"7610-Cameron-Rd,-Austin,-TX-78752",,,,,,,,,,,,,,,,,,,,,,,,,,,,,,,,,,
287,"9617-Great-Hills-Trl,-Austin,-TX-78759",,,,,,,,,,,,,,,,,,,,,,,,,,,,,,,,,,
288,"2403-Gateshead-Cir,-Austin,-TX-78745",,,664884.0,271134.0,693743.0,299993.0,,369564.0,183750.0,185814.0,393750.0,393750.0,,,,,,,,,,,,,,,,,,,,,,
289,"625-E-Stassney-Ln,-Austin,-TX-78745",,,,,,,,,,,,,,,,,,,,,,,,,,,,,,,,,,
290,"2302-E-William-Cannon-Dr,-Austin,-TX-78744",,,,,,,,,,,,,,,,,,,,,,,,,,,,,,,,,,
291,"3621-W-Slaughter-Ln,-Austin,-TX-78749",,,,,,,,,,,,,,,,,,,,,,,,,,,,,,,,,,
292,"1200-Treadwell-St,-Austin,-TX-78704",,,,,,,,,,,,,,,,,,,,,,,,,,,,,,,,,,
293,"4525-Guadalupe-St,-Austin,-TX-78751",,,,,,,,,,,,,,,,,,,,,,,,,,,,,,,,,,
294,"8805-N-Plaza-Dr,-Austin,-TX-78753",,,,,,,,,,,,,,,,,,,,,,,,,,,,,,,,,,
295,"111-Sandra-Muraida-Way,-Austin,-TX-78703",,,,,,,,,,,,,,,,,,,,,,,,,,,,,,,,,,
296,"600-E-53rd-St,-Austin,-TX-78751",,,,,,,,,,,,,,,,,,,,,,,,,,,,,,,,,,
297,"1624-E-6th-St,-Unit-12,-Austin,-TX-78702",,,,,,,,,,,,,,,,,,,,,,,,,,,,,,,,,,
298,"2201-Montopolis-Dr,-Austin,-TX-78741",,,,,,,,,,,,,,,,,,,,,,,,,,,,,,,,,,
299,"1300-Pleasant-Valley-Rd-S,-Austin,-TX-78741",,,,,,,,,,,,,,,,,,,,,,,,,,,,,,,,,,
300,"2800-Bartons-Bluff-Ln,-Austin,-TX-78746",,,,,,,,,,,,,,,,,,,,,,,,,,,,,,,,,,
301,"1401-Enfield-Rd,-Austin,-TX-78703",,,,,,,,,,,,,,,,,,,,,,,,,,,,,,,,,,
302,"4017-Victory-Dr,-Austin,-TX-78704",,,,,,,,,,,,,,,,,,,,,,,,,,,,,,,,,,
303,"8912-N-Lamar-Blvd,-Austin,-TX-78753",,,,,,,,,,,,,,,,,,,,,,,,,,,,,,,,,,
304,"10600-Jollyville-Rd,-Austin,-TX-78759",,,,,,,,,,,,,,,,,,,,,,,,,,,,,,,,,,
305,"2201-Willow-Creek-Dr,-Austin,-TX-78741",,,,,,,,,,,,,,,,,,,,,,,,,,,,,,,,,,
306,"4511-Dudmar-Dr,-Austin,-TX-78735",282197.0,135378.0,664799.0,464799.0,750653.0,550653.0,200000.0,,,,200000.0,200000.0,,,,,,,,,,,,,,,,,,,,,,
307,"1600-Barton-Springs-Rd,-Unit-2404,-Austin,-TX-78704",,,517010.0,449928.0,545800.0,442127.0,,435000.0,67082.0,367918.0,67082.0,103673.0,,,,,,,,,,,,,,,,,,,,,,
308,"6908-Colorado-Bluffs-Rd,-Austin,-TX-78744",,,531449.0,491449.0,,,,275300.0,40000.0,235300.0,40000.0,,,,,316760.0,40000.0,276760.0,,,,,,,,,,,,,,,,
309,"460-Bastrop-Hwy-S,-Austin,-TX-78741",,,,,,,,,,,,,,,,,,,,,,,,,,,,,,,,,,
310,"1500-Scenic-Dr,-Apt-106,-Austin,-TX-78703",,,,,,,,,,,,,,,,,,,,,,,,,,,,,,,,,,
311,"7000-E-Ben-White-Blvd,-Austin,-TX-78741",,,,,,,,,,,,,,,,,,,,,,,,,,,,,,,,,,
312,"3406-Barranca-Cir,-Austin,-TX-78731",,,1573444.0,373444.0,1445233.0,245233.0,,,,,1200000.0,1200000.0,,,,,,,,,,,,,,,,,,,,,,
313,"1003-Justin-Ln,-Austin,-TX-78757",,,,,,,,,,,,,,,,,,,,,,,,,,,,,,,,,,
314,"300-West-Ave,-Austin,-TX-78701",,,,,,,,,,,,,,,,,,,,,,,,,,,,,,,,,,
315,"2016-Park-Bend-Dr,-Austin,-TX-78758",,,,,,,,,,,,,33465000.0,3801920.0,29663080.0,,,,,,,,,,,,,,,,,,,
316,"6600-Ed-Bluestein-Blvd,-Austin,-TX-78723",,,,,,,,,,,,,,,,,,,,,,,,,,,,,,,,,,
317,"515-E-Slaughter-Ln,-Austin,-TX-78744",,,,,,,,,,,,,,,,,,,,,,,,,,,,,,,,,,
318,"127-E-Riverside-Dr,-Austin,-TX-78704",,,,,,,,,,,,,,,,,,,,,,,,,,,,,,,,,,
319,"1200-E-Parmer-Ln,-Austin,-TX-78753",,,,,,,,,,,,,,,,,,,,,,,,,,,,,,,,,,
320,"700-Hearn-St,-Austin,-TX-78703",,,,,,,,,,,,,,,,,,,,,,,,,,,,,,,,,,
321,"7601-Rialto-Blvd,-Austin,-TX-78735",,,,,,,,,,,,,,,,,,,,,,,,,,,,,,,,,,
322,"2200-S-Pleasant-Valley-Rd,-Austin,-TX-78741",,,,,,,,,,,,,,,,,,,,,,,,,,,,,,,,,,
323,"15510-Ranch-Road-620-Rd,-Austin,-TX-78717",,,,,,,,,,,,,,,,,,,,,,,,,,,,,,,,,,
324,"8701-Bluffstone-Cv,-Austin,-TX-78759",,,,,,,,,,,,,,,,,,,,,,,,,,,,,,,,,,
325,"14100-Thermal-Dr,-Austin,-TX-78728",,,,,,,,,,,,,,,,,,,,,,,,,,,,,,,,,,
326,"2900-Sunridge-Dr,-Austin,-TX-78741",,,,,,,,,,,,,,,,,,,,,,,,,,,,,,,,,,
327,"5605-Springdale-Rd,-Austin,-TX-78723",,,,,,,,,,,,,,,,,,,,,,,,,,,,,,,,,,
328,"8617-Spicewood-Springs-Rd,-Austin,-TX-78759",,,,,,,,,,,,,,,,,,,,,,,,,,,,,,,,,,
329,"8519-Cahill-Dr,-Austin,-TX-78729",,,,,,,,,,,,,,,,,,,,,,,,,,,,,,,,,,
330,"8715-W-Hwy,-71,-Austin,-TX-78735",,,,,,,,,,,,,,,,,,,,,,,,,,,,,,,,,,
331,"4100-W-Slaughter-Ln,-Austin,-TX-78749",,,,,,,,,,,,,,,,,,,,,,,,,,,,,,,,,,
332,"9900-Mcneil-Dr,-Austin,-TX-78750",,,,,,,,,,,,,,,,,,,,,,,,,,,,,,,,,,
333,"7201-S-Congress-Ave,-Austin,-TX-78745",,,,,,,,,,,,,,,,,,,,,,,,,,,,,,,,,,
334,"1300-Spyglass-Dr,-Austin,-TX-78746",,,,,,,,,,,,,,,,,,,,,,,,,,,,,,,,,,
335,"8615-Rockwood-Ln,-Austin,-TX-78757",,,,,,,,,,,,,,,,,,,,,,,,,,,,,,,,,,
336,"11011-Domain-Dr,-Austin,-TX-78758",,,,,,,,,,,,,,,,,,,,,,,,,,,,,,,,,,
337,"815-W-Slaughter-Ln,-Austin,-TX-78748",,,,,,,,,,,,,,,,,,,,,,,,,,,,,,,,,,
338,"12118-Walnut-Park-Xing,-Austin,-TX-78753",,,,,,,,,,,,,,,,,,,,,,,,,,,,,,,,,,
339,"8001-Highway,-71-W,-Austin,-TX-78736",,,,,,,,,,,,,,,,,,,,,,,,,,,,,,,,,,
340,"10050-Great-Hills-Trl,-Austin,-TX-78759",,,,,,,,,,,,,,,,,,,,,,,,,,,,,,,,,,
341,"2202-2204-Enfield-Rd,-Austin,-TX-78703",,,,,,,,,,,,,,,,,,,,,,,,,,,,,,,,,,
342,"1845-River-Crossing-Cir,-Austin,-TX-78741",,,,,,,,,,,,,,,,,,,,,,,,,,,,,,,,,,
343,"201-Lavaca-St,-Austin,-TX-78701",,,,,,,,,,,,,,,,,,,,,,,,,,,,,,,,,,
344,"5417-S-Mo-Pac-Expy,-Austin,-TX-78749",,,,,,,,,,,,,,,,,,,,,,,,,,,,,,,,,,
345,"2900-Manor-Rd,-Austin,-TX-78722",,,,,,,,,,,,,,,,,,,,,,,,,,,,,,,,,,
346,"7200-Duval-St,-Austin,-TX-78752",,,,,,,,,,,,,,,,,,,,,,,,,,,,,,,,,,
347,"8405-Old-Bee-Caves-Rd,-Austin,-TX-78735",,,,,,,,,,,,,,,,,,,,,,,,,,,,,,,,,,
348,"1127-Pearl-Retreat-Ln,-Austin,-TX-78753",,,,,,,,,,,,,,,,,,,,,,,,,,,,,,,,,,
349,"12101-N-Lamar-Blvd,-Austin,-TX-78753",,,,,,,,,,,,,,,,,,,,,,,,,,,,,,,,,,
350,"2310-Wickersham-Ln,-Austin,-TX-78741",,,,,,,,,,,,,,,,,,,,,,,,,,,,,,,,,,
351,"1717-Toomey-Rd,-Austin,-TX-78704",,,,,,,,,,,,,,,,,,,,,,,,,,,,,,,,,,
352,"3501-Shoreline-Dr,-Austin,-TX-78728",,,,,,,,,,,,,,,,,,,,,,,,,,,,,,,,,,
353,"1143-Shady-Ln,-Austin,-TX-78721",,,,,,,,,,,,,,,,,,,,,,,,,,,,,,,,,,
354,"14000-Renaissance-Ct,-Austin,-TX-78728",,,,,,,,,,,,,,,,,,,,,,,,,,,,,,,,,,
355,"11301-Farrah-Ln,-Austin,-TX-78748",,,,,,,,,,,,,,,,,,,,,,,,,,,,,,,,,,
356,"1521-Reagan-Hill-Dr,-Austin,-TX-78752",,,,,,,,,,,,,,,,,,,,,,,,,,,,,,,,,,
357,"9301-Old-Bee-Caves-Rd,-Austin,-TX-78735",,,,,,,,,,,,,,,,,,,,,,,,,,,,,,,,,,
358,"12820-N-Lamar-Blvd,-Austin,-TX-78753",,,,,,,,,,,,,,,,,,,,,,,,,,,,,,,,,,
359,"13201-Legendary-Dr,-Austin,-TX-78727",,,,,,,,,,,,,,,,,,,,,,,,,,,,,,,,,,
360,"4716-Duval-Rd,-Austin,-TX-78727",,,,,,,,,,,,,,,,,,,,,,,,,,,,,,,,,,
361,"2126-Goodrich-Ave,-Austin,-TX-78704",,,,,,,,,,,,,,,,,,,,,,,,,,,,,,,,,,
362,"5705-Diehl-Trl,-Austin,-TX-78727",,,,,,,,,,,,,,,,,,,,,,,,,,,,,,,,,,
363,"507-Pressler-St,-Austin,-TX-78703",,,,,,,,,,,,,,,,,,,,,,,,,,,,,,,,,,
364,"11500-Jollyville-Rd,-Austin,-TX-78759",,,,,,,,,,,,,,,,,,,,,,,,,,,,,,,,,,
365,"5020-Manor-Rd,-Austin,-TX-78723",,,,,,,,,,,,,,,,,,,,,,,,,,,,,,,,,,
366,"9009-N-Fm-620-Rd,-Austin,-TX-78726",,,,,,,,,,,,,,,,,,,,,,,,,,,,,,,,,,
367,"3101-Wells-Branch-Pkwy,-Austin,-TX-78728",,,,,,,,,,,,,,,,,,,,,,,,,,,,,,,,,,
368,"1401-Saint-Edwards-Dr,-Austin,-TX-78704",,,,,,,,,,,,,,,,,,,,,,,,,,,,,,,,,,
369,"304-E-William-Cannon-Dr,-Austin,-TX-78745",,,,,,,,,,,,,,,,,,,,,,,,,,,,,,,,,,
370,"3101-Shoreline-Dr,-Austin,-TX-78728",,,,,,,,,,,,,,,,,,,,,,,,,,,,,,,,,,
371,"12100-Metric-Blvd,-Austin,-TX-78758",,,,,,,,,,,,,,,,,,,,,,,,,,,,,,,,,,
372,"600-Barwood-Park,-Austin,-TX-78753",,,,,,,,,,,,,,,,,,,,,,,,,,,,,,,,,,
373,"1909-Rio-Grande-St,-Austin,-TX-78705",,,,,,,,,,,,,,,,,,,,,,,,,,,,,,,,,,
374,"3400-Ranch-Rd,-620-S,-Austin,-TX-78738",,,,,,,,,,,,,,,,,,,,,,,,,,,,,,,,,,
375,"1630-E-6th-St,-Austin,-TX-78702",,,,,,,,,,,,,,,,,,,,,,,,,,,,,,,,,,
376,"2810-Hemphill-Park,-Austin,-TX-78705",,,,,,,,,,,,,,,,,,,,,,,,,,,,,,,,,,
377,"3201-Duval-Rd,-Austin,-TX-78759",,,,,,,,,,,,,,,,,,,,,,,,,,,,,,,,,,
378,"4310-Ave-B,-Austin,-TX-78751",,,,,,,,,,,,,,,,,,,,,,,,,,,,,,,,,,
379,"10301-Burnet-Rd,-Austin,-TX-78758",,,,,,,,,,,,,,,,,,,,,,,,,,,,,,,,,,
380,"5400-N-Lamar-Blvd,-Austin,-TX-78751",,,,,,,,,,,,,,,,,,,,,,,,,,,,,,,,,,
381,"2425-Cromwell-Cir,-Austin,-TX-78741",,,,,,,,,,,,,,,,,,,,,,,,,,,,,,,,,,
382,"2430-Cromwell-Cir,-Austin,-TX-78741",,,,,,,,,,,,,,,,,,,,,,,,,,,,,,,,,,
383,"12435-Dessau-Rd,-Austin,-TX-78754",,,,,,,,,,,,,,,,,,,,,,,,,,,,,,,,,,
384,"1000-E-5th-St,-Austin,-TX-78702",,,,,,,,,,,,,,,,,,,,,,,,,,,,,,,,,,
385,"1901-Onion-Creek-Pkwy,-Austin,-TX-78748",,,,,,,,,,,,,,,,,,,,,,,,,,,,,,,,,,
386,"10015-Lake-Creek-Pkwy,-Austin,-TX-78729",,,,,,,,,,,,,,,,,,,,,,,,,,,,,,,,,,
387,"12000-Dessau-Rd,-Austin,-TX-78754",,,,,,,,,,,,,,,,,,,,,,,,,,,,,,,,,,
388,"3505-S-Lamar-Blvd,-Austin,-TX-78704",,,,,,,,,,,,,,,,,,,,,,,,,,,,,,,,,,
389,"8225-N-Fm-620-Rd,-Austin,-TX-78726",51360000.0,45962045.0,63890395.0,58492440.0,84800000.0,79402045.0,5397955.0,57120000.0,5397955.0,51722045.0,5397955.0,5397955.0,48756700.0,5397955.0,43358745.0,65403304.0,5397955.0,60005349.0,,,,37160000.0,4385839.0,32774161.0,,,,39191000.0,4385839.0,34805161.0,47550000.0,5397955.0,42152045.0,
390,"1915-Wells-Branch-Pkwy,-Austin,-TX-78728",,,,,,,,,,,,,,,,,,,,,,,,,,,,,,,,,,
391,"12638-Ridgeline-Blvd,-Austin,-TX-78613",,,,,,,,,,,,,,,,,,,,,,,,,,,,,,,,,,
392,"3600-Greystone-Dr,-Austin,-TX-78731",,,,,,,,,,,,,,,,,,,,,,,,,,,,,,,,,,
393,"5708-W-Parmer-Ln,-Austin,-TX-78727",,,,,,,,,,,,,,,,,,,,,,,,,,,,,,,,,,
394,"1215-Slaughter-Ln-W,-Austin,-TX-78748",,,,,,,,,,,,,,,,,,,,,,,,,,,,,,,,,,
395,"10727-Domain-Dr,-Austin,-TX-78758",,,,,,,,,,,,,,,,,,,,,,,,,,,,,,,,,,
396,"10505-S-Interstate-Hwy,-35,-Austin,-TX-78747",,,,,,,,,,,,,,,,,,,,,,,,,,,,,,,,,,
397,"833-Fairfield-Dr,-Austin,-TX-78758",,,,,,,,,,,,,,,,,,,,,,,,,,,,,,,,,,
398,"4520-Bennett-Ave,-Austin,-TX-78751",,,,,,,,,,,,,,,,,,,,,,,,,,,,,,,,,,
399,"12041-Dessau-Rd,-Austin,-TX-78754",,,,,,,,,,,,,,,,,,,,,,,,,,,,,,,,,,
400,"11210-FM-2222,-Austin,-TX-78730",,,,,,,,,,,,,,,,,,,,,,,,,,,,,,,,,,
401,"4505-Duval-St,-Austin,-TX-78751",,,,,,,,,,,,,,,,,,,,,,,,,,,,,,,,,,
402,"1801-Fortview-Rd,-Austin,-TX-78704",,,,,,,,,,,,,,,,,,,,,,,,,,,,,,,,,,
403,"1900-Onion-Creek-Pkwy,-Austin,-TX-78748",,,,,,,,,,,,,,,,,,,,,,,,,,,,,,,,,,
404,"300-Ferguson-Dr,-Austin,-TX-78753",,,,,,,,,,,,,,,,,,,,,,,,,,,,,,,,,,
405,"5010-S-Congress-Ave,-Austin,-TX-78745",,,,,,,,,,,,,,,,,,,,,,,,,,,,,,,,,,
406,"6280-Mcneil-Ranch-Dr,-Austin,-TX-78729",,,,,,,,,,,,,,,,,,,,,,,,,,,,,,,,,,
407,"2900-Century-Park-Blvd,-Austin,-TX-78727",,,,,,,,,,,,,,,,,,,,,,,,,,,,,,,,,,
408,"4800-Steiner-Ranch-Blvd,-Austin,-TX-78732",,,,,,,,,,,,,,,,,,,,,,,,,,,,,,,,,,
409,"1620-E-Riverside-Dr,-Austin,-TX-78741",,,,,,,,,,,,,,,,,,,,,,,,,,,,,,,,,,
410,"15433-FM-1325,-Austin,-TX-78728",,,,,,,,,,,,,,,,,,,,,,,,,,,,,,,,,,
411,"14745-Merriltown-Rd,-Austin,-TX-78728",,,,,,,,,,,,,,,,,,,,,,,,,,,,,,,,,,
412,"9520-9521-Spectrum-Dr,-Austin,-TX-78717",,,,,,,,,,,,,,,,,,,,,,,,,,,,,,,,,,
413,"8800-Highway,-290-W,-Austin,-TX-78736",,,,,,,,,,,,,,,,,,,,,,,,,,,,,,,,,,
414,"6855-E-Hwy,-290,-Austin,-TX-78723",,,,,,,,,,,,,,,,,,,,,,,,,,,,,,,,,,
415,"614-S-1st-St,-Austin,-TX-78704",,,,,,,,,,,,,,,,,,,,,,,,,,,,,,,,,,
416,"12113-Metric-Blvd,-Austin,-TX-78758",,,,,,,,,,,,,,,,,,,,,,,,,,,,,,,,,,
417,"13401-Metric-Blvd,-Austin,-TX-78727",,,,,,,,,,,,,,,,,,,,,,,,,,,,,,,,,,
418,"4821-Riverside-Dr-E,-Austin,-TX-78741",,,,,,,,,,,,,,,,,,,,,,,,,,,,,,,,,,
419,"2101-W-Anderson-Ln,-Austin,-TX-78757",,,,,,,,,,,,,,,,,,,,,,,,,,,,,,,,,,
420,"7201-Hart-Ln,-Austin,-TX-78731",,,,,,,,,,,,,,,,,,,,,,,,,,,,,,,,,,
421,"701-Center-Ridge-Dr,-Austin,-TX-78753",,,,,,,,,,,,,,,,,,,,,,,,,,,,,,,,,,
422,"5005-Manor-Rd,-Austin,-TX-78723",,,,,,,,,,,,,,,,,,,,,,,,,,,,,,,,,,
423,"10127-Middle-Fiskville-Rd,-Austin,-TX-78753",,,,,,,,,,,,,,,,,,,,,,,,,,,,,,,,,,
424,"3503-Speedway,-Austin,-TX-78705",,,,,,,,,,,,,,,,,,,,,,,,,,,,,,,,,,
425,"1701-Oak-Hill-Ln,-Austin,-TX-78744",,,,,,,,,,,,,,,,,,,,,,,,,,,,,,,,,,
426,"1088-Park-Plaza-Dr,-Austin,-TX-78753",,,,,,,,,,,,,,,,,,,,,,,,,,,,,,,,,,
427,"1300-E-Riverside-Dr,-Austin,-TX-78741",,,,,,,,,,,,,,,,,,,,,,,,,,,,,,,,,,
428,"409-E-William-Cannon-Dr,-Austin,-TX-78745",,,,,,,,,,,,,,,,,,,,,,,,,,,,,,,,,,
429,"1200-1201-Broadmoor-Dr,-Austin,-TX-78723",,,,,,,,,,,,,,,,,,,,,,,,,,,,,,,,,,
430,"3300-Parker-Ln,-Austin,-TX-78741",,,,,,,,,,,,,,,,,,,,,,,,,,,,,,,,,,
431,"11600-11634-Argonne-Forest-Trl,-Austin,-TX-78759",,,,,,,,,,,,,,,,,,,,,,,,,,,,,,,,,,
432,"3100-Kramer-Ln,-Austin,-TX-78758",,,,,,,,,,,,,,,,,,,,,,,,,,,,,,,,,,
433,"801-Sugaree-Ave,-Austin,-TX-78757",,,,,,,,,,,,,,,,,,,,,,,,,,,,,,,,,,
434,"4711-E-Riverside-Dr,-Austin,-TX-78741",,,,,,,,,,,,,,,,,,,,,,,,,,,,,,,,,,
435,"1901-E-Anderson-Ln,-Austin,-TX-78752",,,,,,,,,,,,,,,,,,,,,,,,,,,,,,,,,,
436,"739-William-Cannon-Dr-W,-Austin,-TX-78745",,,,,,,,,,,,,,,,,,,,,,,,,,,,,,,,,,
437,"4320-Congress-Ave-S,-Austin,-TX-78745",,,,,,,,,,,,,,,,,,,,,,,,,,,,,,,,,,
438,"10101-W-Parmer-Ln,-Austin,-TX-78717",,,,,,,,,,,,,,,,,,,,,,,,,,,,,,,,,,
439,"1804-W-Rundberg-Ln,-Austin,-TX-78758",,,,,,,,,,,,,,,,,,,,,,,,,,,,,,,,,,
440,"7700-N-Capital-Of-Texas-Hwy,-Austin,-TX-78731",,,,,,,,,,,,,,,,,,,,,,,,,,,,,,,,,,
441,"3801-S-Congress-Ave,-Austin,-TX-78704",,,,,,,,,,,,,,,,,,,,,,,,,,,,,,,,,,
442,"125-Woodward-St,-Austin,-TX-78704",,,,,,,,,,,,,,,,,,,,,,,,,,,,,,,,,,
443,"8505-8525-Shoal-Creek-Blvd,-Austin,-TX-78757",,,,,,,,,,,,,,,,,,,,,,,,,,,,,,,,,,
444,"10001-S-1st-St,-Austin,-TX-78748",,,,,,,,,,,,,,,,,,,,,,,,,,,,,,,,,,
445,"3200-S-1st-St,-Austin,-TX-78704",,,,,,,,,,,,,,,,,,,,,,,,,,,,,,,,,,
446,"609-Clayton-Ln,-Austin,-TX-78752",,,,,,,,,,,,,,,,,,,,,,,,,,,,,,,,,,
447,"13635-Rutledge-Spur,-Austin,-TX-78717",,,,,,,,,,,,,,,,,,,,,,,,,,,,,,,,,,
448,"744-W-William-Cannon-Dr,-Austin,-TX-78745",,,,,,,,,,,,,,,,,,,,,,,,,,,,,,,,,,
449,"4021-Steck-Ave,-Austin,-TX-78759",,,,,,,,,,,,,,,,,,,,,,,,,,,,,,,,,,
450,"8200-8220-Research-Blvd,-Austin,-TX-78758",,,,,,,,,,,,,,,,,,,,,,,,,,,,,,,,,,
451,"2900-S-1st-St,-Austin,-TX-78704",,,,,,,,,,,,,,,,,,,,,,,,,,,,,,,,,,
452,"12800-Harrisglenn-Dr,-Austin,-TX-78753",43390000.0,40240092.0,47800000.0,42952817.0,61900000.0,57052817.0,3149908.0,43870000.0,4847183.0,39022817.0,4847183.0,4847183.0,,,,47200000.0,4847183.0,42352817.0,,,,,,,,,,,,,,,,
453,"1711-Rutland-Dr,-Austin,-TX-78758",,,,,,,,,,,,,,,,,,,,,,,,,,,,,,,,,,
454,"4306-N-Quinlan-Park-Rd,-Austin,-TX-78732",,,,,,,,,,,,,,,,,,,,,,,,,,,,,,,,,,
455,"9500-Alice-Mae-Ln,-Austin,-TX-78748",,,,,,,,,,,,,,,,,,,,,,,,,,,,,,,,,,
456,"8071-N-Lamar-Blvd,-Austin,-TX-78753",,,,,,,,,,,,,,,,,,,,,,,,,,,,,,,,,,
457,"1630-Rutland-Dr,-Austin,-TX-78758",20870000.0,16529336.0,30500000.0,26159336.0,,,4340664.0,27079333.0,4340664.0,22738669.0,4340664.0,,,,,,,,,,,,,,,,,,,,,,,
458,"4603-Todds-Farm,-San-Antonio,-TX-78244",174990.0,143200.0,243420.0,204810.0,270240.0,223910.0,31790.0,190280.0,31790.0,158490.0,38610.0,46330.0,,,,201230.0,35120.0,166110.0,,,,,,,,,,,,,,,,
459,"500-Tomar-Dr,-San-Antonio,-TX-78227",,,,,,,,,,,,,,,,,,,,,,,,,,,,,,,,,,
460,"3787-Perrin-Central-Blvd,-San-Antonio,-TX-78217",,,,,,,,,,,,,,,,,,,,,,,,,,,,,,,,,,
461,"17715-Overlook-Loop,-San-Antonio,-TX-78259",,,,,,,,,,,,,,,,,,,,,,,,,,,,,,,,,,
462,"1540-W-Bitters-Rd,-San-Antonio,-TX-78248",,,,,,,,,,,,,,,,,,,,,,,,,,,,,,,,,,
463,"4620-Thousand-Oaks-Dr,-San-Antonio,-TX-78233",,,,,,,,,,,,,,,,,,,,,,,,,,,,,,,,,,
464,"7110-Wurzbach-Rd,-San-Antonio,-TX-78240",,,,,,,,,,,,,,,,,,,,,,,,,,,,,,,,,,
465,"7750-Culebra-Rd,-San-Antonio,-TX-78251",,,,,,,,,,,,,,,,,,,,,,,,,,,,,,,,,,
466,"7733-Louis-Pasteur-Dr,-San-Antonio,-TX-78229",,,,,,,,,,,,,,,,,,,,,,,,,,,,,,,,,,
467,"7314-Oak-Manor-Dr,-San-Antonio,-TX-78229",,,,,,,,,,,,,,,,,,,,,,,,,,,,,,,,,,
468,"2519-Broadway-St,-San-Antonio,-TX-78215",,,,,,,,,,,,,,,,,,,,,,,,,,,,,,,,,,
469,"7811-Chambers-Rd,-San-Antonio,-TX-78229",,,,,,,,,,,,,,,,,,,,,,,,,,,,,,,,,,
470,"12200-W-Interstate-10,-San-Antonio,-TX-78230",,,,,,,,,,,,,,,,,,,,,,,,,,,,,,,,,,
471,"400-W-Bitters-Rd,-San-Antonio,-TX-78216",,,,,,,,,,,,,,,,,,,,,,,,,,,,,,,,,,
472,"11146-Vance-Jackson-Rd,-San-Antonio,-TX-78230",,,,,,,,,,,,,,,,,,,,,,,,,,,,,,,,,,
473,"3629-Medical-Dr,-San-Antonio,-TX-78229",,,,,,,,,,,,,,,,,,,,,,,,,,,,,,,,,,
474,"12910-Clubhouse-Blvd,-San-Antonio,-TX-78221",,,,,,,,,,,,,,,,,,,,,,,,,,,,,,,,,,
475,"Alamo-Ranch-Pkwy---1604-And-Loop,-San-Antonio,-TX-78253",,,,,,,,,,,,,,,,,,,,,,,,,,,,,,,,,,
476,"2906-Woodcliffe-St,-San-Antonio,-TX-78230",,,,,179950.0,114460.0,,,,,,65490.0,,,,,,,,,,,,,,,,,,,,,,
477,"4515-Gardendale-St,-San-Antonio,-TX-78240",,,,,,,,,,,,,,,,,,,,,,,,,,,,,,,,,,
478,"6419-N-Vandiver-Rd,-San-Antonio,-TX-78209",,,,,,,,,,,,,,,,,,,,,,,,,,,,,,,,,,
479,"3231-Loop,-1604---1604W,-San-Antonio,-TX-78257",,,,,,,,,,,,,,,,,,,,,,,,,,,,,,,,,,
480,"5315-Fredericksburg-Rd,-San-Antonio,-TX-78229",,,,,,,,,,,,,,,,,,,,,,,,,,,,,,,,,,
481,"3538-Puesta-De-Sol,-San-Antonio,-TX-78261",,,618530.0,523270.0,665730.0,551490.0,,,,,95260.0,114240.0,,,,,,,,,,,,,,,,,,,,,,
482,"6400-Wurzbach-Rd,-San-Antonio,-TX-78240",,,,,,,,,,,,,,,,,,,,,,,,,,,,,,,,,,
483,"1935-Broken-Oak-St,-San-Antonio,-TX-78232",,,,,,,,,,,,,,,,,,,,,,,,,,,,,,,,,,
484,"6222-S-New-Braunfels-Ave,-San-Antonio,-TX-78223",,,,,,,,,,,,,,,,,,,,,,,,,,,,,,,,,,
485,"5650-Grissom-Rd,-San-Antonio,-TX-78238",,,,,,,,,,,,,,,,,,,,,,,,,,,,,,,,,,
486,"223-Brackenridge-Ave,-San-Antonio,-TX-78209",,,,,,,,,,,,,,,,,,,,,,,,,,,,,,,,,,
487,"9939-Fredericksburg-Rd,-San-Antonio,-TX-78240",,,,,,,,,,,,,,,,,,,,,,,,,,,,,,,,,,
488,"6014-Blanco-Rd,-San-Antonio,-TX-78216",,,,,,,,,,,,,,,,,,,,,,,,,,,,,,,,,,
489,"254-Cloverleaf-Ave,-Apt-4,-San-Antonio,-TX-78209",,,,,,,,,,,,,,,,,,,,,,,,,,,,,,,,,,
490,"1835-Lockhill-Selma-Rd,-San-Antonio,-TX-78213",,,,,,,,,,,,,,,,,,,,,,,,,,,,,,,,,,
491,"16333-Vance-Jackson-Rd,-San-Antonio,-TX-78257",,,,,,,,,,,,,,,,,,,,,,,,,,,,,,,,,,
492,"2551-Cincinnati-Ave,-San-Antonio,-TX-78228",,,165000.0,129430.0,,,,,,,35570.0,,,,,,,,,,,,,,,,,,,,,,,
493,"3926-Woodbridge-Way,-San-Antonio,-TX-78257",,,361870.0,306280.0,393890.0,328310.0,,272410.0,52720.0,219690.0,55590.0,65580.0,,,,,,,,,,,,,,,,,,,,,,
494,"137-E-Norwood-Ct,-Apt-3,-San-Antonio,-TX-78212",,,,,,,,,,,,,,,,,,,,,,,,,,,,,,,,,,
495,"25138-Summit-Crk,-San-Antonio,-TX-78258",,,312980.0,247400.0,348890.0,252240.0,,,,,65580.0,96650.0,,,,262630.0,59100.0,203530.0,,,,,,,,,,,,,,,,
496,"8130-Sunshine-Trail-Dr,-San-Antonio,-TX-78244",,,,,,,,,,,,,,,,,,,,,,,,,,,,,,,,,,
497,"112111-Saratoga-Coach,-San-Antonio,-TX-78254",,,,,,,,,,,,,,,,,,,,,,,,,,,,,,,,,,
498,"8523-Spicewood-Bnd,-San-Antonio,-TX-78255",,,340780.0,281710.0,370120.0,287220.0,,,,,59070.0,82900.0,,,,260420.0,42000.0,218420.0,,,,,,,,,,,,,,,,
499,"8000-8012-Aeromedical-Rd,-San-Antonio,-TX-78235",,,,,,,,,,,,,,,,,,,,,,,,,,,,,,,,,,
